<annotation>
	<folder></folder>
	<filename>image84_jpg.rf.14d1463d8c3b32a51d230a456df1acb2.jpg</filename>
	<path>image84_jpg.rf.14d1463d8c3b32a51d230a456df1acb2.jpg</path>
	<source>
		<database>roboflow.ai</database>
	</source>
	<size>
		<width>416</width>
		<height>416</height>
		<depth>3</depth>
	</size>
	<segmented>0</segmented>
	<object>
		<name>soja</name>
		<pose>Unspecified</pose>
		<truncated>0</truncated>
		<difficult>0</difficult>
		<occluded>0</occluded>
		<bndbox>
			<xmin>2</xmin>
			<xmax>412</xmax>
			<ymin>1</ymin>
			<ymax>408</ymax>
		</bndbox>
	</object>
</annotation>
