<annotation>
	<folder></folder>
	<filename>image101_jpg.rf.fc6cb92b3f10d55c39558610ab859554.jpg</filename>
	<path>image101_jpg.rf.fc6cb92b3f10d55c39558610ab859554.jpg</path>
	<source>
		<database>roboflow.ai</database>
	</source>
	<size>
		<width>416</width>
		<height>416</height>
		<depth>3</depth>
	</size>
	<segmented>0</segmented>
	<object>
		<name>soja</name>
		<pose>Unspecified</pose>
		<truncated>0</truncated>
		<difficult>0</difficult>
		<occluded>0</occluded>
		<bndbox>
			<xmin>2</xmin>
			<xmax>416</xmax>
			<ymin>6</ymin>
			<ymax>417</ymax>
		</bndbox>
	</object>
</annotation>
