<annotation>
	<folder></folder>
	<filename>image22_jpg.rf.fee3dd3789ccb15b74ff688558c881ed.jpg</filename>
	<path>image22_jpg.rf.fee3dd3789ccb15b74ff688558c881ed.jpg</path>
	<source>
		<database>roboflow.ai</database>
	</source>
	<size>
		<width>416</width>
		<height>416</height>
		<depth>3</depth>
	</size>
	<segmented>0</segmented>
	<object>
		<name>estrada</name>
		<pose>Unspecified</pose>
		<truncated>0</truncated>
		<difficult>0</difficult>
		<occluded>0</occluded>
		<bndbox>
			<xmin>2</xmin>
			<xmax>414</xmax>
			<ymin>253</ymin>
			<ymax>416</ymax>
		</bndbox>
	</object>
</annotation>
