<annotation>
	<folder></folder>
	<filename>image58_jpg.rf.78faac9fa93fe0b42f2714e88de0fb74.jpg</filename>
	<path>image58_jpg.rf.78faac9fa93fe0b42f2714e88de0fb74.jpg</path>
	<source>
		<database>roboflow.ai</database>
	</source>
	<size>
		<width>416</width>
		<height>416</height>
		<depth>3</depth>
	</size>
	<segmented>0</segmented>
	<object>
		<name>soja</name>
		<pose>Unspecified</pose>
		<truncated>0</truncated>
		<difficult>0</difficult>
		<occluded>0</occluded>
		<bndbox>
			<xmin>3</xmin>
			<xmax>417</xmax>
			<ymin>1</ymin>
			<ymax>390</ymax>
		</bndbox>
	</object>
</annotation>
