<annotation>
	<folder></folder>
	<filename>image45_jpg.rf.0cf8bf48dc0693a3bc9daea5b55dea8c.jpg</filename>
	<path>image45_jpg.rf.0cf8bf48dc0693a3bc9daea5b55dea8c.jpg</path>
	<source>
		<database>roboflow.ai</database>
	</source>
	<size>
		<width>416</width>
		<height>416</height>
		<depth>3</depth>
	</size>
	<segmented>0</segmented>
	<object>
		<name>milharal</name>
		<pose>Unspecified</pose>
		<truncated>0</truncated>
		<difficult>0</difficult>
		<occluded>0</occluded>
		<bndbox>
			<xmin>1</xmin>
			<xmax>416</xmax>
			<ymin>1</ymin>
			<ymax>416</ymax>
		</bndbox>
	</object>
</annotation>
