<annotation>
	<folder></folder>
	<filename>image83_jpg.rf.6e34f1038c139af5aee38137627b7be8.jpg</filename>
	<path>image83_jpg.rf.6e34f1038c139af5aee38137627b7be8.jpg</path>
	<source>
		<database>roboflow.ai</database>
	</source>
	<size>
		<width>416</width>
		<height>416</height>
		<depth>3</depth>
	</size>
	<segmented>0</segmented>
	<object>
		<name>soja</name>
		<pose>Unspecified</pose>
		<truncated>0</truncated>
		<difficult>0</difficult>
		<occluded>0</occluded>
		<bndbox>
			<xmin>4</xmin>
			<xmax>416</xmax>
			<ymin>3</ymin>
			<ymax>416</ymax>
		</bndbox>
	</object>
</annotation>
