<annotation>
	<folder></folder>
	<filename>image7_jpg.rf.06bd7f96212a2f3c89f615e10c0da842.jpg</filename>
	<path>image7_jpg.rf.06bd7f96212a2f3c89f615e10c0da842.jpg</path>
	<source>
		<database>roboflow.ai</database>
	</source>
	<size>
		<width>416</width>
		<height>416</height>
		<depth>3</depth>
	</size>
	<segmented>0</segmented>
	<object>
		<name>pasto</name>
		<pose>Unspecified</pose>
		<truncated>0</truncated>
		<difficult>0</difficult>
		<occluded>0</occluded>
		<bndbox>
			<xmin>1</xmin>
			<xmax>416</xmax>
			<ymin>97</ymin>
			<ymax>416</ymax>
		</bndbox>
	</object>
	<object>
		<name>estrada</name>
		<pose>Unspecified</pose>
		<truncated>0</truncated>
		<difficult>0</difficult>
		<occluded>0</occluded>
		<bndbox>
			<xmin>4</xmin>
			<xmax>294</xmax>
			<ymin>1</ymin>
			<ymax>93</ymax>
		</bndbox>
	</object>
</annotation>
