<annotation>
	<folder></folder>
	<filename>image40_jpg.rf.9c63c2cc39a5e7453370881123075acf.jpg</filename>
	<path>image40_jpg.rf.9c63c2cc39a5e7453370881123075acf.jpg</path>
	<source>
		<database>roboflow.ai</database>
	</source>
	<size>
		<width>416</width>
		<height>416</height>
		<depth>3</depth>
	</size>
	<segmented>0</segmented>
	<object>
		<name>soja</name>
		<pose>Unspecified</pose>
		<truncated>0</truncated>
		<difficult>0</difficult>
		<occluded>0</occluded>
		<bndbox>
			<xmin>5</xmin>
			<xmax>415</xmax>
			<ymin>4</ymin>
			<ymax>194</ymax>
		</bndbox>
	</object>
</annotation>
