<annotation>
	<folder></folder>
	<filename>image17_jpg.rf.471cbaf7d7ba52c356c7797ee6045e4a.jpg</filename>
	<path>image17_jpg.rf.471cbaf7d7ba52c356c7797ee6045e4a.jpg</path>
	<source>
		<database>roboflow.ai</database>
	</source>
	<size>
		<width>416</width>
		<height>416</height>
		<depth>3</depth>
	</size>
	<segmented>0</segmented>
	<object>
		<name>estrada</name>
		<pose>Unspecified</pose>
		<truncated>0</truncated>
		<difficult>0</difficult>
		<occluded>0</occluded>
		<bndbox>
			<xmin>2</xmin>
			<xmax>412</xmax>
			<ymin>159</ymin>
			<ymax>405</ymax>
		</bndbox>
	</object>
	<object>
		<name>carro</name>
		<pose>Unspecified</pose>
		<truncated>0</truncated>
		<difficult>0</difficult>
		<occluded>0</occluded>
		<bndbox>
			<xmin>229</xmin>
			<xmax>303</xmax>
			<ymin>337</ymin>
			<ymax>407</ymax>
		</bndbox>
	</object>
</annotation>
