<annotation>
	<folder></folder>
	<filename>image4_jpg.rf.929394abc69fa7fb8fdefa1682367a72.jpg</filename>
	<path>image4_jpg.rf.929394abc69fa7fb8fdefa1682367a72.jpg</path>
	<source>
		<database>roboflow.ai</database>
	</source>
	<size>
		<width>416</width>
		<height>416</height>
		<depth>3</depth>
	</size>
	<segmented>0</segmented>
	<object>
		<name>pasto</name>
		<pose>Unspecified</pose>
		<truncated>0</truncated>
		<difficult>0</difficult>
		<occluded>0</occluded>
		<bndbox>
			<xmin>2</xmin>
			<xmax>416</xmax>
			<ymin>97</ymin>
			<ymax>417</ymax>
		</bndbox>
	</object>
</annotation>
