<annotation>
	<folder></folder>
	<filename>image1_jpg.rf.e2e72487c6d5590423082908b1233dba.jpg</filename>
	<path>image1_jpg.rf.e2e72487c6d5590423082908b1233dba.jpg</path>
	<source>
		<database>roboflow.ai</database>
	</source>
	<size>
		<width>416</width>
		<height>416</height>
		<depth>3</depth>
	</size>
	<segmented>0</segmented>
	<object>
		<name>carro</name>
		<pose>Unspecified</pose>
		<truncated>0</truncated>
		<difficult>0</difficult>
		<occluded>0</occluded>
		<bndbox>
			<xmin>120</xmin>
			<xmax>196</xmax>
			<ymin>212</ymin>
			<ymax>283</ymax>
		</bndbox>
	</object>
	<object>
		<name>estrada</name>
		<pose>Unspecified</pose>
		<truncated>0</truncated>
		<difficult>0</difficult>
		<occluded>0</occluded>
		<bndbox>
			<xmin>1</xmin>
			<xmax>416</xmax>
			<ymin>30</ymin>
			<ymax>306</ymax>
		</bndbox>
	</object>
</annotation>
