<annotation>
	<folder></folder>
	<filename>image9_jpg.rf.2d379ac8ab9c7db438fd173b9194801b.jpg</filename>
	<path>image9_jpg.rf.2d379ac8ab9c7db438fd173b9194801b.jpg</path>
	<source>
		<database>roboflow.ai</database>
	</source>
	<size>
		<width>416</width>
		<height>416</height>
		<depth>3</depth>
	</size>
	<segmented>0</segmented>
	<object>
		<name>carro</name>
		<pose>Unspecified</pose>
		<truncated>0</truncated>
		<difficult>0</difficult>
		<occluded>0</occluded>
		<bndbox>
			<xmin>223</xmin>
			<xmax>293</xmax>
			<ymin>222</ymin>
			<ymax>287</ymax>
		</bndbox>
	</object>
	<object>
		<name>estrada</name>
		<pose>Unspecified</pose>
		<truncated>0</truncated>
		<difficult>0</difficult>
		<occluded>0</occluded>
		<bndbox>
			<xmin>2</xmin>
			<xmax>416</xmax>
			<ymin>43</ymin>
			<ymax>314</ymax>
		</bndbox>
	</object>
</annotation>
