<annotation>
	<folder></folder>
	<filename>image48_jpg.rf.a6b0ee1f7cc5f964d5fba9de135bdb98.jpg</filename>
	<path>image48_jpg.rf.a6b0ee1f7cc5f964d5fba9de135bdb98.jpg</path>
	<source>
		<database>roboflow.ai</database>
	</source>
	<size>
		<width>416</width>
		<height>416</height>
		<depth>3</depth>
	</size>
	<segmented>0</segmented>
	<object>
		<name>milharal</name>
		<pose>Unspecified</pose>
		<truncated>0</truncated>
		<difficult>0</difficult>
		<occluded>0</occluded>
		<bndbox>
			<xmin>1</xmin>
			<xmax>416</xmax>
			<ymin>4</ymin>
			<ymax>416</ymax>
		</bndbox>
	</object>
</annotation>
