<annotation>
	<folder></folder>
	<filename>image37_jpg.rf.d2de404d1b3209e9f4285effc2632712.jpg</filename>
	<path>image37_jpg.rf.d2de404d1b3209e9f4285effc2632712.jpg</path>
	<source>
		<database>roboflow.ai</database>
	</source>
	<size>
		<width>416</width>
		<height>416</height>
		<depth>3</depth>
	</size>
	<segmented>0</segmented>
	<object>
		<name>casa</name>
		<pose>Unspecified</pose>
		<truncated>0</truncated>
		<difficult>0</difficult>
		<occluded>0</occluded>
		<bndbox>
			<xmin>117</xmin>
			<xmax>157</xmax>
			<ymin>64</ymin>
			<ymax>89</ymax>
		</bndbox>
	</object>
	<object>
		<name>casa</name>
		<pose>Unspecified</pose>
		<truncated>0</truncated>
		<difficult>0</difficult>
		<occluded>0</occluded>
		<bndbox>
			<xmin>221</xmin>
			<xmax>293</xmax>
			<ymin>75</ymin>
			<ymax>110</ymax>
		</bndbox>
	</object>
	<object>
		<name>casa</name>
		<pose>Unspecified</pose>
		<truncated>0</truncated>
		<difficult>0</difficult>
		<occluded>0</occluded>
		<bndbox>
			<xmin>273</xmin>
			<xmax>306</xmax>
			<ymin>87</ymin>
			<ymax>115</ymax>
		</bndbox>
	</object>
	<object>
		<name>casa</name>
		<pose>Unspecified</pose>
		<truncated>0</truncated>
		<difficult>0</difficult>
		<occluded>0</occluded>
		<bndbox>
			<xmin>188</xmin>
			<xmax>206</xmax>
			<ymin>87</ymin>
			<ymax>116</ymax>
		</bndbox>
	</object>
	<object>
		<name>casa</name>
		<pose>Unspecified</pose>
		<truncated>0</truncated>
		<difficult>0</difficult>
		<occluded>0</occluded>
		<bndbox>
			<xmin>130</xmin>
			<xmax>176</xmax>
			<ymin>92</ymin>
			<ymax>126</ymax>
		</bndbox>
	</object>
	<object>
		<name>casa</name>
		<pose>Unspecified</pose>
		<truncated>0</truncated>
		<difficult>0</difficult>
		<occluded>0</occluded>
		<bndbox>
			<xmin>243</xmin>
			<xmax>363</xmax>
			<ymin>109</ymin>
			<ymax>153</ymax>
		</bndbox>
	</object>
	<object>
		<name>casa</name>
		<pose>Unspecified</pose>
		<truncated>0</truncated>
		<difficult>0</difficult>
		<occluded>0</occluded>
		<bndbox>
			<xmin>205</xmin>
			<xmax>231</xmax>
			<ymin>136</ymin>
			<ymax>171</ymax>
		</bndbox>
	</object>
	<object>
		<name>casa</name>
		<pose>Unspecified</pose>
		<truncated>0</truncated>
		<difficult>0</difficult>
		<occluded>0</occluded>
		<bndbox>
			<xmin>24</xmin>
			<xmax>56</xmax>
			<ymin>138</ymin>
			<ymax>170</ymax>
		</bndbox>
	</object>
	<object>
		<name>casa</name>
		<pose>Unspecified</pose>
		<truncated>0</truncated>
		<difficult>0</difficult>
		<occluded>0</occluded>
		<bndbox>
			<xmin>98</xmin>
			<xmax>123</xmax>
			<ymin>137</ymin>
			<ymax>173</ymax>
		</bndbox>
	</object>
	<object>
		<name>casa</name>
		<pose>Unspecified</pose>
		<truncated>0</truncated>
		<difficult>0</difficult>
		<occluded>0</occluded>
		<bndbox>
			<xmin>168</xmin>
			<xmax>193</xmax>
			<ymin>143</ymin>
			<ymax>172</ymax>
		</bndbox>
	</object>
	<object>
		<name>casa</name>
		<pose>Unspecified</pose>
		<truncated>0</truncated>
		<difficult>0</difficult>
		<occluded>0</occluded>
		<bndbox>
			<xmin>243</xmin>
			<xmax>267</xmax>
			<ymin>155</ymin>
			<ymax>184</ymax>
		</bndbox>
	</object>
</annotation>
