<annotation>
	<folder></folder>
	<filename>image11_jpg.rf.aea5902367dc13d7822e843183c4eb72.jpg</filename>
	<path>image11_jpg.rf.aea5902367dc13d7822e843183c4eb72.jpg</path>
	<source>
		<database>roboflow.ai</database>
	</source>
	<size>
		<width>416</width>
		<height>416</height>
		<depth>3</depth>
	</size>
	<segmented>0</segmented>
	<object>
		<name>estrada</name>
		<pose>Unspecified</pose>
		<truncated>0</truncated>
		<difficult>0</difficult>
		<occluded>0</occluded>
		<bndbox>
			<xmin>2</xmin>
			<xmax>416</xmax>
			<ymin>82</ymin>
			<ymax>305</ymax>
		</bndbox>
	</object>
	<object>
		<name>carro</name>
		<pose>Unspecified</pose>
		<truncated>0</truncated>
		<difficult>0</difficult>
		<occluded>0</occluded>
		<bndbox>
			<xmin>220</xmin>
			<xmax>298</xmax>
			<ymin>237</ymin>
			<ymax>301</ymax>
		</bndbox>
	</object>
</annotation>
