<annotation>
	<folder></folder>
	<filename>image45_jpg.rf.fd318e69a4a8b78d7745394b4081bda8.jpg</filename>
	<path>image45_jpg.rf.fd318e69a4a8b78d7745394b4081bda8.jpg</path>
	<source>
		<database>roboflow.ai</database>
	</source>
	<size>
		<width>416</width>
		<height>416</height>
		<depth>3</depth>
	</size>
	<segmented>0</segmented>
	<object>
		<name>soja</name>
		<pose>Unspecified</pose>
		<truncated>0</truncated>
		<difficult>0</difficult>
		<occluded>0</occluded>
		<bndbox>
			<xmin>2</xmin>
			<xmax>416</xmax>
			<ymin>1</ymin>
			<ymax>280</ymax>
		</bndbox>
	</object>
</annotation>
