<annotation>
	<folder></folder>
	<filename>image38_jpg.rf.276697497b462c47c52f12e7cf2f9366.jpg</filename>
	<path>image38_jpg.rf.276697497b462c47c52f12e7cf2f9366.jpg</path>
	<source>
		<database>roboflow.ai</database>
	</source>
	<size>
		<width>416</width>
		<height>416</height>
		<depth>3</depth>
	</size>
	<segmented>0</segmented>
	<object>
		<name>soja</name>
		<pose>Unspecified</pose>
		<truncated>0</truncated>
		<difficult>0</difficult>
		<occluded>0</occluded>
		<bndbox>
			<xmin>2</xmin>
			<xmax>417</xmax>
			<ymin>1</ymin>
			<ymax>164</ymax>
		</bndbox>
	</object>
</annotation>
