<annotation>
	<folder></folder>
	<filename>image24_jpg.rf.001c69cab53e5ad32c23855a1b768efc.jpg</filename>
	<path>image24_jpg.rf.001c69cab53e5ad32c23855a1b768efc.jpg</path>
	<source>
		<database>roboflow.ai</database>
	</source>
	<size>
		<width>416</width>
		<height>416</height>
		<depth>3</depth>
	</size>
	<segmented>0</segmented>
	<object>
		<name>cafezal</name>
		<pose>Unspecified</pose>
		<truncated>0</truncated>
		<difficult>0</difficult>
		<occluded>0</occluded>
		<bndbox>
			<xmin>230</xmin>
			<xmax>416</xmax>
			<ymin>1</ymin>
			<ymax>60</ymax>
		</bndbox>
	</object>
	<object>
		<name>pasto</name>
		<pose>Unspecified</pose>
		<truncated>0</truncated>
		<difficult>0</difficult>
		<occluded>0</occluded>
		<bndbox>
			<xmin>1</xmin>
			<xmax>416</xmax>
			<ymin>217</ymin>
			<ymax>416</ymax>
		</bndbox>
	</object>
	<object>
		<name>cafezal</name>
		<pose>Unspecified</pose>
		<truncated>0</truncated>
		<difficult>0</difficult>
		<occluded>0</occluded>
		<bndbox>
			<xmin>1</xmin>
			<xmax>190</xmax>
			<ymin>1</ymin>
			<ymax>147</ymax>
		</bndbox>
	</object>
	<object>
		<name>pasto</name>
		<pose>Unspecified</pose>
		<truncated>0</truncated>
		<difficult>0</difficult>
		<occluded>0</occluded>
		<bndbox>
			<xmin>274</xmin>
			<xmax>416</xmax>
			<ymin>117</ymin>
			<ymax>164</ymax>
		</bndbox>
	</object>
	<object>
		<name>pasto</name>
		<pose>Unspecified</pose>
		<truncated>0</truncated>
		<difficult>0</difficult>
		<occluded>0</occluded>
		<bndbox>
			<xmin>140</xmin>
			<xmax>417</xmax>
			<ymin>165</ymin>
			<ymax>213</ymax>
		</bndbox>
	</object>
</annotation>
