<annotation>
	<folder></folder>
	<filename>image26_jpg.rf.69a4b12635c159b3434fbbad24639967.jpg</filename>
	<path>image26_jpg.rf.69a4b12635c159b3434fbbad24639967.jpg</path>
	<source>
		<database>roboflow.ai</database>
	</source>
	<size>
		<width>416</width>
		<height>416</height>
		<depth>3</depth>
	</size>
	<segmented>0</segmented>
	<object>
		<name>pasto</name>
		<pose>Unspecified</pose>
		<truncated>0</truncated>
		<difficult>0</difficult>
		<occluded>0</occluded>
		<bndbox>
			<xmin>120</xmin>
			<xmax>417</xmax>
			<ymin>200</ymin>
			<ymax>243</ymax>
		</bndbox>
	</object>
	<object>
		<name>pasto</name>
		<pose>Unspecified</pose>
		<truncated>0</truncated>
		<difficult>0</difficult>
		<occluded>0</occluded>
		<bndbox>
			<xmin>1</xmin>
			<xmax>416</xmax>
			<ymin>242</ymin>
			<ymax>416</ymax>
		</bndbox>
	</object>
	<object>
		<name>cafezal</name>
		<pose>Unspecified</pose>
		<truncated>0</truncated>
		<difficult>0</difficult>
		<occluded>0</occluded>
		<bndbox>
			<xmin>113</xmin>
			<xmax>417</xmax>
			<ymin>1</ymin>
			<ymax>84</ymax>
		</bndbox>
	</object>
	<object>
		<name>cafezal</name>
		<pose>Unspecified</pose>
		<truncated>0</truncated>
		<difficult>0</difficult>
		<occluded>0</occluded>
		<bndbox>
			<xmin>1</xmin>
			<xmax>111</xmax>
			<ymin>2</ymin>
			<ymax>134</ymax>
		</bndbox>
	</object>
	<object>
		<name>pasto</name>
		<pose>Unspecified</pose>
		<truncated>0</truncated>
		<difficult>0</difficult>
		<occluded>0</occluded>
		<bndbox>
			<xmin>235</xmin>
			<xmax>417</xmax>
			<ymin>153</ymin>
			<ymax>194</ymax>
		</bndbox>
	</object>
</annotation>
