<annotation>
	<folder></folder>
	<filename>image63_jpg.rf.caf8985235d230f6b7cea79e147bea7f.jpg</filename>
	<path>image63_jpg.rf.caf8985235d230f6b7cea79e147bea7f.jpg</path>
	<source>
		<database>roboflow.ai</database>
	</source>
	<size>
		<width>416</width>
		<height>416</height>
		<depth>3</depth>
	</size>
	<segmented>0</segmented>
	<object>
		<name>soja</name>
		<pose>Unspecified</pose>
		<truncated>0</truncated>
		<difficult>0</difficult>
		<occluded>0</occluded>
		<bndbox>
			<xmin>6</xmin>
			<xmax>415</xmax>
			<ymin>5</ymin>
			<ymax>412</ymax>
		</bndbox>
	</object>
</annotation>
