<annotation>
	<folder></folder>
	<filename>image21_jpg.rf.2bf6a7b9ec3c896dfc1cd1e2fd470287.jpg</filename>
	<path>image21_jpg.rf.2bf6a7b9ec3c896dfc1cd1e2fd470287.jpg</path>
	<source>
		<database>roboflow.ai</database>
	</source>
	<size>
		<width>416</width>
		<height>416</height>
		<depth>3</depth>
	</size>
	<segmented>0</segmented>
	<object>
		<name>casa</name>
		<pose>Unspecified</pose>
		<truncated>0</truncated>
		<difficult>0</difficult>
		<occluded>0</occluded>
		<bndbox>
			<xmin>235</xmin>
			<xmax>260</xmax>
			<ymin>92</ymin>
			<ymax>117</ymax>
		</bndbox>
	</object>
	<object>
		<name>casa</name>
		<pose>Unspecified</pose>
		<truncated>0</truncated>
		<difficult>0</difficult>
		<occluded>0</occluded>
		<bndbox>
			<xmin>107</xmin>
			<xmax>177</xmax>
			<ymin>103</ymin>
			<ymax>133</ymax>
		</bndbox>
	</object>
	<object>
		<name>casa</name>
		<pose>Unspecified</pose>
		<truncated>0</truncated>
		<difficult>0</difficult>
		<occluded>0</occluded>
		<bndbox>
			<xmin>189</xmin>
			<xmax>204</xmax>
			<ymin>107</ymin>
			<ymax>130</ymax>
		</bndbox>
	</object>
	<object>
		<name>casa</name>
		<pose>Unspecified</pose>
		<truncated>0</truncated>
		<difficult>0</difficult>
		<occluded>0</occluded>
		<bndbox>
			<xmin>387</xmin>
			<xmax>416</xmax>
			<ymin>102</ymin>
			<ymax>139</ymax>
		</bndbox>
	</object>
	<object>
		<name>casa</name>
		<pose>Unspecified</pose>
		<truncated>0</truncated>
		<difficult>0</difficult>
		<occluded>0</occluded>
		<bndbox>
			<xmin>214</xmin>
			<xmax>253</xmax>
			<ymin>111</ymin>
			<ymax>144</ymax>
		</bndbox>
	</object>
	<object>
		<name>casa</name>
		<pose>Unspecified</pose>
		<truncated>0</truncated>
		<difficult>0</difficult>
		<occluded>0</occluded>
		<bndbox>
			<xmin>283</xmin>
			<xmax>294</xmax>
			<ymin>135</ymin>
			<ymax>153</ymax>
		</bndbox>
	</object>
	<object>
		<name>casa</name>
		<pose>Unspecified</pose>
		<truncated>0</truncated>
		<difficult>0</difficult>
		<occluded>0</occluded>
		<bndbox>
			<xmin>207</xmin>
			<xmax>227</xmax>
			<ymin>134</ymin>
			<ymax>159</ymax>
		</bndbox>
	</object>
	<object>
		<name>casa</name>
		<pose>Unspecified</pose>
		<truncated>0</truncated>
		<difficult>0</difficult>
		<occluded>0</occluded>
		<bndbox>
			<xmin>52</xmin>
			<xmax>163</xmax>
			<ymin>134</ymin>
			<ymax>168</ymax>
		</bndbox>
	</object>
	<object>
		<name>casa</name>
		<pose>Unspecified</pose>
		<truncated>0</truncated>
		<difficult>0</difficult>
		<occluded>0</occluded>
		<bndbox>
			<xmin>258</xmin>
			<xmax>275</xmax>
			<ymin>145</ymin>
			<ymax>165</ymax>
		</bndbox>
	</object>
	<object>
		<name>casa</name>
		<pose>Unspecified</pose>
		<truncated>0</truncated>
		<difficult>0</difficult>
		<occluded>0</occluded>
		<bndbox>
			<xmin>309</xmin>
			<xmax>332</xmax>
			<ymin>143</ymin>
			<ymax>168</ymax>
		</bndbox>
	</object>
	<object>
		<name>casa</name>
		<pose>Unspecified</pose>
		<truncated>0</truncated>
		<difficult>0</difficult>
		<occluded>0</occluded>
		<bndbox>
			<xmin>170</xmin>
			<xmax>204</xmax>
			<ymin>144</ymin>
			<ymax>173</ymax>
		</bndbox>
	</object>
	<object>
		<name>casa</name>
		<pose>Unspecified</pose>
		<truncated>0</truncated>
		<difficult>0</difficult>
		<occluded>0</occluded>
		<bndbox>
			<xmin>143</xmin>
			<xmax>163</xmax>
			<ymin>160</ymin>
			<ymax>180</ymax>
		</bndbox>
	</object>
</annotation>
