<annotation>
	<folder></folder>
	<filename>image14_jpg.rf.b17825a59b6eae361f7b2a7e92f79d7f.jpg</filename>
	<path>image14_jpg.rf.b17825a59b6eae361f7b2a7e92f79d7f.jpg</path>
	<source>
		<database>roboflow.ai</database>
	</source>
	<size>
		<width>416</width>
		<height>416</height>
		<depth>3</depth>
	</size>
	<segmented>0</segmented>
	<object>
		<name>casa</name>
		<pose>Unspecified</pose>
		<truncated>0</truncated>
		<difficult>0</difficult>
		<occluded>0</occluded>
		<bndbox>
			<xmin>232</xmin>
			<xmax>253</xmax>
			<ymin>91</ymin>
			<ymax>110</ymax>
		</bndbox>
	</object>
	<object>
		<name>casa</name>
		<pose>Unspecified</pose>
		<truncated>0</truncated>
		<difficult>0</difficult>
		<occluded>0</occluded>
		<bndbox>
			<xmin>110</xmin>
			<xmax>180</xmax>
			<ymin>102</ymin>
			<ymax>119</ymax>
		</bndbox>
	</object>
	<object>
		<name>casa</name>
		<pose>Unspecified</pose>
		<truncated>0</truncated>
		<difficult>0</difficult>
		<occluded>0</occluded>
		<bndbox>
			<xmin>192</xmin>
			<xmax>203</xmax>
			<ymin>107</ymin>
			<ymax>124</ymax>
		</bndbox>
	</object>
	<object>
		<name>casa</name>
		<pose>Unspecified</pose>
		<truncated>0</truncated>
		<difficult>0</difficult>
		<occluded>0</occluded>
		<bndbox>
			<xmin>212</xmin>
			<xmax>249</xmax>
			<ymin>111</ymin>
			<ymax>131</ymax>
		</bndbox>
	</object>
	<object>
		<name>casa</name>
		<pose>Unspecified</pose>
		<truncated>0</truncated>
		<difficult>0</difficult>
		<occluded>0</occluded>
		<bndbox>
			<xmin>77</xmin>
			<xmax>167</xmax>
			<ymin>129</ymin>
			<ymax>144</ymax>
		</bndbox>
	</object>
	<object>
		<name>casa</name>
		<pose>Unspecified</pose>
		<truncated>0</truncated>
		<difficult>0</difficult>
		<occluded>0</occluded>
		<bndbox>
			<xmin>280</xmin>
			<xmax>293</xmax>
			<ymin>134</ymin>
			<ymax>148</ymax>
		</bndbox>
	</object>
	<object>
		<name>casa</name>
		<pose>Unspecified</pose>
		<truncated>0</truncated>
		<difficult>0</difficult>
		<occluded>0</occluded>
		<bndbox>
			<xmin>306</xmin>
			<xmax>327</xmax>
			<ymin>137</ymin>
			<ymax>159</ymax>
		</bndbox>
	</object>
	<object>
		<name>casa</name>
		<pose>Unspecified</pose>
		<truncated>0</truncated>
		<difficult>0</difficult>
		<occluded>0</occluded>
		<bndbox>
			<xmin>203</xmin>
			<xmax>223</xmax>
			<ymin>142</ymin>
			<ymax>157</ymax>
		</bndbox>
	</object>
	<object>
		<name>casa</name>
		<pose>Unspecified</pose>
		<truncated>0</truncated>
		<difficult>0</difficult>
		<occluded>0</occluded>
		<bndbox>
			<xmin>253</xmin>
			<xmax>273</xmax>
			<ymin>140</ymin>
			<ymax>164</ymax>
		</bndbox>
	</object>
	<object>
		<name>casa</name>
		<pose>Unspecified</pose>
		<truncated>0</truncated>
		<difficult>0</difficult>
		<occluded>0</occluded>
		<bndbox>
			<xmin>94</xmin>
			<xmax>116</xmax>
			<ymin>141</ymin>
			<ymax>164</ymax>
		</bndbox>
	</object>
	<object>
		<name>casa</name>
		<pose>Unspecified</pose>
		<truncated>0</truncated>
		<difficult>0</difficult>
		<occluded>0</occluded>
		<bndbox>
			<xmin>174</xmin>
			<xmax>194</xmax>
			<ymin>142</ymin>
			<ymax>165</ymax>
		</bndbox>
	</object>
	<object>
		<name>casa</name>
		<pose>Unspecified</pose>
		<truncated>0</truncated>
		<difficult>0</difficult>
		<occluded>0</occluded>
		<bndbox>
			<xmin>144</xmin>
			<xmax>166</xmax>
			<ymin>151</ymin>
			<ymax>176</ymax>
		</bndbox>
	</object>
</annotation>
