<annotation>
	<folder></folder>
	<filename>image26_jpg.rf.901518962735b5f45adb35e4e88ed4e9.jpg</filename>
	<path>image26_jpg.rf.901518962735b5f45adb35e4e88ed4e9.jpg</path>
	<source>
		<database>roboflow.ai</database>
	</source>
	<size>
		<width>416</width>
		<height>416</height>
		<depth>3</depth>
	</size>
	<segmented>0</segmented>
	<object>
		<name>estrada</name>
		<pose>Unspecified</pose>
		<truncated>0</truncated>
		<difficult>0</difficult>
		<occluded>0</occluded>
		<bndbox>
			<xmin>1</xmin>
			<xmax>416</xmax>
			<ymin>345</ymin>
			<ymax>416</ymax>
		</bndbox>
	</object>
</annotation>
