<annotation>
	<folder></folder>
	<filename>image67_jpg.rf.9b361f7d57c62acb6f0c250b84c85211.jpg</filename>
	<path>image67_jpg.rf.9b361f7d57c62acb6f0c250b84c85211.jpg</path>
	<source>
		<database>roboflow.ai</database>
	</source>
	<size>
		<width>416</width>
		<height>416</height>
		<depth>3</depth>
	</size>
	<segmented>0</segmented>
	<object>
		<name>soja</name>
		<pose>Unspecified</pose>
		<truncated>0</truncated>
		<difficult>0</difficult>
		<occluded>0</occluded>
		<bndbox>
			<xmin>3</xmin>
			<xmax>416</xmax>
			<ymin>1</ymin>
			<ymax>413</ymax>
		</bndbox>
	</object>
</annotation>
