<annotation>
	<folder></folder>
	<filename>image39_jpg.rf.6c8869d41b9cdc9f0c55a95e73beff2e.jpg</filename>
	<path>image39_jpg.rf.6c8869d41b9cdc9f0c55a95e73beff2e.jpg</path>
	<source>
		<database>roboflow.ai</database>
	</source>
	<size>
		<width>416</width>
		<height>416</height>
		<depth>3</depth>
	</size>
	<segmented>0</segmented>
	<object>
		<name>soja</name>
		<pose>Unspecified</pose>
		<truncated>0</truncated>
		<difficult>0</difficult>
		<occluded>0</occluded>
		<bndbox>
			<xmin>3</xmin>
			<xmax>416</xmax>
			<ymin>2</ymin>
			<ymax>163</ymax>
		</bndbox>
	</object>
</annotation>
