<annotation>
	<folder></folder>
	<filename>image2_jpg.rf.6916cc3c527e62a05dbe4351943af52c.jpg</filename>
	<path>image2_jpg.rf.6916cc3c527e62a05dbe4351943af52c.jpg</path>
	<source>
		<database>roboflow.ai</database>
	</source>
	<size>
		<width>416</width>
		<height>416</height>
		<depth>3</depth>
	</size>
	<segmented>0</segmented>
	<object>
		<name>carro</name>
		<pose>Unspecified</pose>
		<truncated>0</truncated>
		<difficult>0</difficult>
		<occluded>0</occluded>
		<bndbox>
			<xmin>220</xmin>
			<xmax>297</xmax>
			<ymin>216</ymin>
			<ymax>283</ymax>
		</bndbox>
	</object>
	<object>
		<name>estrada</name>
		<pose>Unspecified</pose>
		<truncated>0</truncated>
		<difficult>0</difficult>
		<occluded>0</occluded>
		<bndbox>
			<xmin>1</xmin>
			<xmax>417</xmax>
			<ymin>27</ymin>
			<ymax>309</ymax>
		</bndbox>
	</object>
</annotation>
