<annotation>
	<folder></folder>
	<filename>image8_jpg.rf.9aea8223e04939a5e0a6c1f71a3b4fff.jpg</filename>
	<path>image8_jpg.rf.9aea8223e04939a5e0a6c1f71a3b4fff.jpg</path>
	<source>
		<database>roboflow.ai</database>
	</source>
	<size>
		<width>416</width>
		<height>416</height>
		<depth>3</depth>
	</size>
	<segmented>0</segmented>
	<object>
		<name>carro</name>
		<pose>Unspecified</pose>
		<truncated>0</truncated>
		<difficult>0</difficult>
		<occluded>0</occluded>
		<bndbox>
			<xmin>121</xmin>
			<xmax>196</xmax>
			<ymin>217</ymin>
			<ymax>281</ymax>
		</bndbox>
	</object>
	<object>
		<name>estrada</name>
		<pose>Unspecified</pose>
		<truncated>0</truncated>
		<difficult>0</difficult>
		<occluded>0</occluded>
		<bndbox>
			<xmin>1</xmin>
			<xmax>416</xmax>
			<ymin>35</ymin>
			<ymax>311</ymax>
		</bndbox>
	</object>
</annotation>
