<annotation>
	<folder></folder>
	<filename>image88_jpg.rf.3d038e7fb37a3ab13fbcbcebe976c6d7.jpg</filename>
	<path>image88_jpg.rf.3d038e7fb37a3ab13fbcbcebe976c6d7.jpg</path>
	<source>
		<database>roboflow.ai</database>
	</source>
	<size>
		<width>416</width>
		<height>416</height>
		<depth>3</depth>
	</size>
	<segmented>0</segmented>
	<object>
		<name>soja</name>
		<pose>Unspecified</pose>
		<truncated>0</truncated>
		<difficult>0</difficult>
		<occluded>0</occluded>
		<bndbox>
			<xmin>3</xmin>
			<xmax>415</xmax>
			<ymin>4</ymin>
			<ymax>414</ymax>
		</bndbox>
	</object>
</annotation>
