<annotation>
	<folder></folder>
	<filename>image15_jpg.rf.317ce5aefb64723475b03d3199bc0670.jpg</filename>
	<path>image15_jpg.rf.317ce5aefb64723475b03d3199bc0670.jpg</path>
	<source>
		<database>roboflow.ai</database>
	</source>
	<size>
		<width>416</width>
		<height>416</height>
		<depth>3</depth>
	</size>
	<segmented>0</segmented>
	<object>
		<name>estrada</name>
		<pose>Unspecified</pose>
		<truncated>0</truncated>
		<difficult>0</difficult>
		<occluded>0</occluded>
		<bndbox>
			<xmin>2</xmin>
			<xmax>416</xmax>
			<ymin>121</ymin>
			<ymax>378</ymax>
		</bndbox>
	</object>
	<object>
		<name>carro</name>
		<pose>Unspecified</pose>
		<truncated>0</truncated>
		<difficult>0</difficult>
		<occluded>0</occluded>
		<bndbox>
			<xmin>225</xmin>
			<xmax>300</xmax>
			<ymin>297</ymin>
			<ymax>369</ymax>
		</bndbox>
	</object>
</annotation>
