<annotation>
	<folder></folder>
	<filename>image45_jpg.rf.3a0e7f32a4b23b07adb75a1e81158895.jpg</filename>
	<path>image45_jpg.rf.3a0e7f32a4b23b07adb75a1e81158895.jpg</path>
	<source>
		<database>roboflow.ai</database>
	</source>
	<size>
		<width>416</width>
		<height>416</height>
		<depth>3</depth>
	</size>
	<segmented>0</segmented>
	<object>
		<name>soja</name>
		<pose>Unspecified</pose>
		<truncated>0</truncated>
		<difficult>0</difficult>
		<occluded>0</occluded>
		<bndbox>
			<xmin>1</xmin>
			<xmax>416</xmax>
			<ymin>1</ymin>
			<ymax>279</ymax>
		</bndbox>
	</object>
</annotation>
