<annotation>
	<folder></folder>
	<filename>image47_jpg.rf.a69441b35ea3d625b16900a4f87028d4.jpg</filename>
	<path>image47_jpg.rf.a69441b35ea3d625b16900a4f87028d4.jpg</path>
	<source>
		<database>roboflow.ai</database>
	</source>
	<size>
		<width>416</width>
		<height>416</height>
		<depth>3</depth>
	</size>
	<segmented>0</segmented>
	<object>
		<name>soja</name>
		<pose>Unspecified</pose>
		<truncated>0</truncated>
		<difficult>0</difficult>
		<occluded>0</occluded>
		<bndbox>
			<xmin>4</xmin>
			<xmax>416</xmax>
			<ymin>2</ymin>
			<ymax>290</ymax>
		</bndbox>
	</object>
</annotation>
