<annotation>
	<folder></folder>
	<filename>image60_jpg.rf.f3608316741e7ee7b2649c4f603197ef.jpg</filename>
	<path>image60_jpg.rf.f3608316741e7ee7b2649c4f603197ef.jpg</path>
	<source>
		<database>roboflow.ai</database>
	</source>
	<size>
		<width>416</width>
		<height>416</height>
		<depth>3</depth>
	</size>
	<segmented>0</segmented>
	<object>
		<name>soja</name>
		<pose>Unspecified</pose>
		<truncated>0</truncated>
		<difficult>0</difficult>
		<occluded>0</occluded>
		<bndbox>
			<xmin>3</xmin>
			<xmax>414</xmax>
			<ymin>5</ymin>
			<ymax>393</ymax>
		</bndbox>
	</object>
</annotation>
