<annotation>
	<folder></folder>
	<filename>image92_jpg.rf.8a0f98fa7c12264c6d6834785ec3e9a9.jpg</filename>
	<path>image92_jpg.rf.8a0f98fa7c12264c6d6834785ec3e9a9.jpg</path>
	<source>
		<database>roboflow.ai</database>
	</source>
	<size>
		<width>416</width>
		<height>416</height>
		<depth>3</depth>
	</size>
	<segmented>0</segmented>
	<object>
		<name>soja</name>
		<pose>Unspecified</pose>
		<truncated>0</truncated>
		<difficult>0</difficult>
		<occluded>0</occluded>
		<bndbox>
			<xmin>4</xmin>
			<xmax>416</xmax>
			<ymin>5</ymin>
			<ymax>413</ymax>
		</bndbox>
	</object>
</annotation>
