<annotation>
	<folder></folder>
	<filename>image34_jpg.rf.3083dea2ac29e10e25f09908a1ebbeac.jpg</filename>
	<path>image34_jpg.rf.3083dea2ac29e10e25f09908a1ebbeac.jpg</path>
	<source>
		<database>roboflow.ai</database>
	</source>
	<size>
		<width>416</width>
		<height>416</height>
		<depth>3</depth>
	</size>
	<segmented>0</segmented>
	<object>
		<name>cafezal</name>
		<pose>Unspecified</pose>
		<truncated>0</truncated>
		<difficult>0</difficult>
		<occluded>0</occluded>
		<bndbox>
			<xmin>231</xmin>
			<xmax>416</xmax>
			<ymin>127</ymin>
			<ymax>261</ymax>
		</bndbox>
	</object>
	<object>
		<name>pasto</name>
		<pose>Unspecified</pose>
		<truncated>0</truncated>
		<difficult>0</difficult>
		<occluded>0</occluded>
		<bndbox>
			<xmin>4</xmin>
			<xmax>206</xmax>
			<ymin>250</ymin>
			<ymax>335</ymax>
		</bndbox>
	</object>
	<object>
		<name>pasto</name>
		<pose>Unspecified</pose>
		<truncated>0</truncated>
		<difficult>0</difficult>
		<occluded>0</occluded>
		<bndbox>
			<xmin>2</xmin>
			<xmax>416</xmax>
			<ymin>334</ymin>
			<ymax>416</ymax>
		</bndbox>
	</object>
	<object>
		<name>cafezal</name>
		<pose>Unspecified</pose>
		<truncated>0</truncated>
		<difficult>0</difficult>
		<occluded>0</occluded>
		<bndbox>
			<xmin>5</xmin>
			<xmax>416</xmax>
			<ymin>1</ymin>
			<ymax>125</ymax>
		</bndbox>
	</object>
</annotation>
