<annotation>
	<folder></folder>
	<filename>image105_jpg.rf.777de6a051bbc3ff7bf7ab48c24c58f9.jpg</filename>
	<path>image105_jpg.rf.777de6a051bbc3ff7bf7ab48c24c58f9.jpg</path>
	<source>
		<database>roboflow.ai</database>
	</source>
	<size>
		<width>416</width>
		<height>416</height>
		<depth>3</depth>
	</size>
	<segmented>0</segmented>
	<object>
		<name>soja</name>
		<pose>Unspecified</pose>
		<truncated>0</truncated>
		<difficult>0</difficult>
		<occluded>0</occluded>
		<bndbox>
			<xmin>6</xmin>
			<xmax>414</xmax>
			<ymin>3</ymin>
			<ymax>411</ymax>
		</bndbox>
	</object>
</annotation>
