<annotation>
	<folder></folder>
	<filename>image28_jpg.rf.365faa637c94c28fa2a8297da07f222f.jpg</filename>
	<path>image28_jpg.rf.365faa637c94c28fa2a8297da07f222f.jpg</path>
	<source>
		<database>roboflow.ai</database>
	</source>
	<size>
		<width>416</width>
		<height>416</height>
		<depth>3</depth>
	</size>
	<segmented>0</segmented>
	<object>
		<name>pasto</name>
		<pose>Unspecified</pose>
		<truncated>0</truncated>
		<difficult>0</difficult>
		<occluded>0</occluded>
		<bndbox>
			<xmin>2</xmin>
			<xmax>192</xmax>
			<ymin>180</ymin>
			<ymax>266</ymax>
		</bndbox>
	</object>
	<object>
		<name>pasto</name>
		<pose>Unspecified</pose>
		<truncated>0</truncated>
		<difficult>0</difficult>
		<occluded>0</occluded>
		<bndbox>
			<xmin>2</xmin>
			<xmax>416</xmax>
			<ymin>269</ymin>
			<ymax>417</ymax>
		</bndbox>
	</object>
	<object>
		<name>cafezal</name>
		<pose>Unspecified</pose>
		<truncated>0</truncated>
		<difficult>0</difficult>
		<occluded>0</occluded>
		<bndbox>
			<xmin>2</xmin>
			<xmax>186</xmax>
			<ymin>1</ymin>
			<ymax>82</ymax>
		</bndbox>
	</object>
	<object>
		<name>cafezal</name>
		<pose>Unspecified</pose>
		<truncated>0</truncated>
		<difficult>0</difficult>
		<occluded>0</occluded>
		<bndbox>
			<xmin>187</xmin>
			<xmax>323</xmax>
			<ymin>1</ymin>
			<ymax>120</ymax>
		</bndbox>
	</object>
	<object>
		<name>cafezal</name>
		<pose>Unspecified</pose>
		<truncated>0</truncated>
		<difficult>0</difficult>
		<occluded>0</occluded>
		<bndbox>
			<xmin>325</xmin>
			<xmax>417</xmax>
			<ymin>1</ymin>
			<ymax>194</ymax>
		</bndbox>
	</object>
</annotation>
