<annotation>
	<folder></folder>
	<filename>image101_jpg.rf.4f7df5986f33a37a2a6d332cfbc64af2.jpg</filename>
	<path>image101_jpg.rf.4f7df5986f33a37a2a6d332cfbc64af2.jpg</path>
	<source>
		<database>roboflow.ai</database>
	</source>
	<size>
		<width>416</width>
		<height>416</height>
		<depth>3</depth>
	</size>
	<segmented>0</segmented>
	<object>
		<name>soja</name>
		<pose>Unspecified</pose>
		<truncated>0</truncated>
		<difficult>0</difficult>
		<occluded>0</occluded>
		<bndbox>
			<xmin>1</xmin>
			<xmax>416</xmax>
			<ymin>6</ymin>
			<ymax>416</ymax>
		</bndbox>
	</object>
</annotation>
