<annotation>
	<folder></folder>
	<filename>image84_jpg.rf.460d5b8e7f5ec96927ce264863bc5300.jpg</filename>
	<path>image84_jpg.rf.460d5b8e7f5ec96927ce264863bc5300.jpg</path>
	<source>
		<database>roboflow.ai</database>
	</source>
	<size>
		<width>416</width>
		<height>416</height>
		<depth>3</depth>
	</size>
	<segmented>0</segmented>
	<object>
		<name>soja</name>
		<pose>Unspecified</pose>
		<truncated>0</truncated>
		<difficult>0</difficult>
		<occluded>0</occluded>
		<bndbox>
			<xmin>6</xmin>
			<xmax>416</xmax>
			<ymin>1</ymin>
			<ymax>408</ymax>
		</bndbox>
	</object>
</annotation>
