<annotation>
	<folder></folder>
	<filename>image56_jpg.rf.774c79cb9ec337073747b08ff1f4c368.jpg</filename>
	<path>image56_jpg.rf.774c79cb9ec337073747b08ff1f4c368.jpg</path>
	<source>
		<database>roboflow.ai</database>
	</source>
	<size>
		<width>416</width>
		<height>416</height>
		<depth>3</depth>
	</size>
	<segmented>0</segmented>
	<object>
		<name>soja</name>
		<pose>Unspecified</pose>
		<truncated>0</truncated>
		<difficult>0</difficult>
		<occluded>0</occluded>
		<bndbox>
			<xmin>2</xmin>
			<xmax>416</xmax>
			<ymin>1</ymin>
			<ymax>367</ymax>
		</bndbox>
	</object>
</annotation>
