<annotation>
	<folder></folder>
	<filename>image7_jpg.rf.62837b9ba74cdb1c7cc151796611eaac.jpg</filename>
	<path>image7_jpg.rf.62837b9ba74cdb1c7cc151796611eaac.jpg</path>
	<source>
		<database>roboflow.ai</database>
	</source>
	<size>
		<width>416</width>
		<height>416</height>
		<depth>3</depth>
	</size>
	<segmented>0</segmented>
	<object>
		<name>carro</name>
		<pose>Unspecified</pose>
		<truncated>0</truncated>
		<difficult>0</difficult>
		<occluded>0</occluded>
		<bndbox>
			<xmin>126</xmin>
			<xmax>195</xmax>
			<ymin>217</ymin>
			<ymax>280</ymax>
		</bndbox>
	</object>
	<object>
		<name>estrada</name>
		<pose>Unspecified</pose>
		<truncated>0</truncated>
		<difficult>0</difficult>
		<occluded>0</occluded>
		<bndbox>
			<xmin>4</xmin>
			<xmax>417</xmax>
			<ymin>41</ymin>
			<ymax>312</ymax>
		</bndbox>
	</object>
</annotation>
