<annotation>
	<folder></folder>
	<filename>image89_jpg.rf.01b4d84e41e21f6a75c894488dc8c722.jpg</filename>
	<path>image89_jpg.rf.01b4d84e41e21f6a75c894488dc8c722.jpg</path>
	<source>
		<database>roboflow.ai</database>
	</source>
	<size>
		<width>416</width>
		<height>416</height>
		<depth>3</depth>
	</size>
	<segmented>0</segmented>
	<object>
		<name>soja</name>
		<pose>Unspecified</pose>
		<truncated>0</truncated>
		<difficult>0</difficult>
		<occluded>0</occluded>
		<bndbox>
			<xmin>4</xmin>
			<xmax>416</xmax>
			<ymin>5</ymin>
			<ymax>414</ymax>
		</bndbox>
	</object>
</annotation>
