<annotation>
	<folder></folder>
	<filename>image99_jpg.rf.bc47e2a7ba2bf3581d5df01f02aa047f.jpg</filename>
	<path>image99_jpg.rf.bc47e2a7ba2bf3581d5df01f02aa047f.jpg</path>
	<source>
		<database>roboflow.ai</database>
	</source>
	<size>
		<width>416</width>
		<height>416</height>
		<depth>3</depth>
	</size>
	<segmented>0</segmented>
	<object>
		<name>soja</name>
		<pose>Unspecified</pose>
		<truncated>0</truncated>
		<difficult>0</difficult>
		<occluded>0</occluded>
		<bndbox>
			<xmin>1</xmin>
			<xmax>412</xmax>
			<ymin>10</ymin>
			<ymax>416</ymax>
		</bndbox>
	</object>
</annotation>
