<annotation>
	<folder></folder>
	<filename>image8_jpg.rf.ced94f520fcbd254cb0679da2c43f390.jpg</filename>
	<path>image8_jpg.rf.ced94f520fcbd254cb0679da2c43f390.jpg</path>
	<source>
		<database>roboflow.ai</database>
	</source>
	<size>
		<width>416</width>
		<height>416</height>
		<depth>3</depth>
	</size>
	<segmented>0</segmented>
	<object>
		<name>pasto</name>
		<pose>Unspecified</pose>
		<truncated>0</truncated>
		<difficult>0</difficult>
		<occluded>0</occluded>
		<bndbox>
			<xmin>2</xmin>
			<xmax>416</xmax>
			<ymin>88</ymin>
			<ymax>417</ymax>
		</bndbox>
	</object>
	<object>
		<name>pasto</name>
		<pose>Unspecified</pose>
		<truncated>0</truncated>
		<difficult>0</difficult>
		<occluded>0</occluded>
		<bndbox>
			<xmin>2</xmin>
			<xmax>299</xmax>
			<ymin>42</ymin>
			<ymax>85</ymax>
		</bndbox>
	</object>
</annotation>
