<annotation>
	<folder></folder>
	<filename>image17_jpg.rf.a48fe99b1737f764794bfedb28547bfc.jpg</filename>
	<path>image17_jpg.rf.a48fe99b1737f764794bfedb28547bfc.jpg</path>
	<source>
		<database>roboflow.ai</database>
	</source>
	<size>
		<width>416</width>
		<height>416</height>
		<depth>3</depth>
	</size>
	<segmented>0</segmented>
	<object>
		<name>estrada</name>
		<pose>Unspecified</pose>
		<truncated>0</truncated>
		<difficult>0</difficult>
		<occluded>0</occluded>
		<bndbox>
			<xmin>6</xmin>
			<xmax>416</xmax>
			<ymin>159</ymin>
			<ymax>405</ymax>
		</bndbox>
	</object>
	<object>
		<name>carro</name>
		<pose>Unspecified</pose>
		<truncated>0</truncated>
		<difficult>0</difficult>
		<occluded>0</occluded>
		<bndbox>
			<xmin>116</xmin>
			<xmax>190</xmax>
			<ymin>337</ymin>
			<ymax>407</ymax>
		</bndbox>
	</object>
</annotation>
