<annotation>
	<folder></folder>
	<filename>image102_jpg.rf.fb052f06aa2f734ffbeffc1cb98e0013.jpg</filename>
	<path>image102_jpg.rf.fb052f06aa2f734ffbeffc1cb98e0013.jpg</path>
	<source>
		<database>roboflow.ai</database>
	</source>
	<size>
		<width>416</width>
		<height>416</height>
		<depth>3</depth>
	</size>
	<segmented>0</segmented>
	<object>
		<name>soja</name>
		<pose>Unspecified</pose>
		<truncated>0</truncated>
		<difficult>0</difficult>
		<occluded>0</occluded>
		<bndbox>
			<xmin>5</xmin>
			<xmax>415</xmax>
			<ymin>5</ymin>
			<ymax>415</ymax>
		</bndbox>
	</object>
</annotation>
