<annotation>
	<folder></folder>
	<filename>image94_jpg.rf.66a270ac00eecd1b63d743acde5bd443.jpg</filename>
	<path>image94_jpg.rf.66a270ac00eecd1b63d743acde5bd443.jpg</path>
	<source>
		<database>roboflow.ai</database>
	</source>
	<size>
		<width>416</width>
		<height>416</height>
		<depth>3</depth>
	</size>
	<segmented>0</segmented>
	<object>
		<name>soja</name>
		<pose>Unspecified</pose>
		<truncated>0</truncated>
		<difficult>0</difficult>
		<occluded>0</occluded>
		<bndbox>
			<xmin>3</xmin>
			<xmax>415</xmax>
			<ymin>6</ymin>
			<ymax>414</ymax>
		</bndbox>
	</object>
</annotation>
