<annotation>
	<folder></folder>
	<filename>image104_jpg.rf.d088cd4b4ffa0b562dbb5bb59e8dec64.jpg</filename>
	<path>image104_jpg.rf.d088cd4b4ffa0b562dbb5bb59e8dec64.jpg</path>
	<source>
		<database>roboflow.ai</database>
	</source>
	<size>
		<width>416</width>
		<height>416</height>
		<depth>3</depth>
	</size>
	<segmented>0</segmented>
	<object>
		<name>soja</name>
		<pose>Unspecified</pose>
		<truncated>0</truncated>
		<difficult>0</difficult>
		<occluded>0</occluded>
		<bndbox>
			<xmin>2</xmin>
			<xmax>415</xmax>
			<ymin>4</ymin>
			<ymax>416</ymax>
		</bndbox>
	</object>
</annotation>
