<annotation>
	<folder></folder>
	<filename>image55_jpg.rf.8a5da0e2e55e0769d5f923f1896d6e4b.jpg</filename>
	<path>image55_jpg.rf.8a5da0e2e55e0769d5f923f1896d6e4b.jpg</path>
	<source>
		<database>roboflow.ai</database>
	</source>
	<size>
		<width>416</width>
		<height>416</height>
		<depth>3</depth>
	</size>
	<segmented>0</segmented>
	<object>
		<name>soja</name>
		<pose>Unspecified</pose>
		<truncated>0</truncated>
		<difficult>0</difficult>
		<occluded>0</occluded>
		<bndbox>
			<xmin>2</xmin>
			<xmax>416</xmax>
			<ymin>1</ymin>
			<ymax>321</ymax>
		</bndbox>
	</object>
</annotation>
