<annotation>
	<folder></folder>
	<filename>image95_jpg.rf.303d052b93dcbc11fa3fbc6cbeeb4fcc.jpg</filename>
	<path>image95_jpg.rf.303d052b93dcbc11fa3fbc6cbeeb4fcc.jpg</path>
	<source>
		<database>roboflow.ai</database>
	</source>
	<size>
		<width>416</width>
		<height>416</height>
		<depth>3</depth>
	</size>
	<segmented>0</segmented>
	<object>
		<name>soja</name>
		<pose>Unspecified</pose>
		<truncated>0</truncated>
		<difficult>0</difficult>
		<occluded>0</occluded>
		<bndbox>
			<xmin>3</xmin>
			<xmax>415</xmax>
			<ymin>3</ymin>
			<ymax>416</ymax>
		</bndbox>
	</object>
</annotation>
