<annotation>
	<folder></folder>
	<filename>image20_jpg.rf.3aa226db6820ea3b433a594c56245bcf.jpg</filename>
	<path>image20_jpg.rf.3aa226db6820ea3b433a594c56245bcf.jpg</path>
	<source>
		<database>roboflow.ai</database>
	</source>
	<size>
		<width>416</width>
		<height>416</height>
		<depth>3</depth>
	</size>
	<segmented>0</segmented>
	<object>
		<name>estrada</name>
		<pose>Unspecified</pose>
		<truncated>0</truncated>
		<difficult>0</difficult>
		<occluded>0</occluded>
		<bndbox>
			<xmin>1</xmin>
			<xmax>416</xmax>
			<ymin>210</ymin>
			<ymax>417</ymax>
		</bndbox>
	</object>
</annotation>
