<annotation>
	<folder></folder>
	<filename>image47_jpg.rf.6dbe0900982c3b3fcb908753f3f8f7f5.jpg</filename>
	<path>image47_jpg.rf.6dbe0900982c3b3fcb908753f3f8f7f5.jpg</path>
	<source>
		<database>roboflow.ai</database>
	</source>
	<size>
		<width>416</width>
		<height>416</height>
		<depth>3</depth>
	</size>
	<segmented>0</segmented>
	<object>
		<name>soja</name>
		<pose>Unspecified</pose>
		<truncated>0</truncated>
		<difficult>0</difficult>
		<occluded>0</occluded>
		<bndbox>
			<xmin>2</xmin>
			<xmax>414</xmax>
			<ymin>2</ymin>
			<ymax>290</ymax>
		</bndbox>
	</object>
</annotation>
