<annotation>
	<folder></folder>
	<filename>image54_jpg.rf.7c35cd84623144ceea6a673c916464dc.jpg</filename>
	<path>image54_jpg.rf.7c35cd84623144ceea6a673c916464dc.jpg</path>
	<source>
		<database>roboflow.ai</database>
	</source>
	<size>
		<width>416</width>
		<height>416</height>
		<depth>3</depth>
	</size>
	<segmented>0</segmented>
	<object>
		<name>soja</name>
		<pose>Unspecified</pose>
		<truncated>0</truncated>
		<difficult>0</difficult>
		<occluded>0</occluded>
		<bndbox>
			<xmin>3</xmin>
			<xmax>416</xmax>
			<ymin>1</ymin>
			<ymax>340</ymax>
		</bndbox>
	</object>
</annotation>
