<annotation>
	<folder></folder>
	<filename>image39_jpg.rf.3bec9a3a19e49fe9d1907a4c301b1720.jpg</filename>
	<path>image39_jpg.rf.3bec9a3a19e49fe9d1907a4c301b1720.jpg</path>
	<source>
		<database>roboflow.ai</database>
	</source>
	<size>
		<width>416</width>
		<height>416</height>
		<depth>3</depth>
	</size>
	<segmented>0</segmented>
	<object>
		<name>soja</name>
		<pose>Unspecified</pose>
		<truncated>0</truncated>
		<difficult>0</difficult>
		<occluded>0</occluded>
		<bndbox>
			<xmin>3</xmin>
			<xmax>416</xmax>
			<ymin>2</ymin>
			<ymax>163</ymax>
		</bndbox>
	</object>
</annotation>
