<annotation>
	<folder></folder>
	<filename>image18_jpg.rf.02eb251e08cd5e746eae8f76b1858bc9.jpg</filename>
	<path>image18_jpg.rf.02eb251e08cd5e746eae8f76b1858bc9.jpg</path>
	<source>
		<database>roboflow.ai</database>
	</source>
	<size>
		<width>416</width>
		<height>416</height>
		<depth>3</depth>
	</size>
	<segmented>0</segmented>
	<object>
		<name>estrada</name>
		<pose>Unspecified</pose>
		<truncated>0</truncated>
		<difficult>0</difficult>
		<occluded>0</occluded>
		<bndbox>
			<xmin>1</xmin>
			<xmax>414</xmax>
			<ymin>193</ymin>
			<ymax>417</ymax>
		</bndbox>
	</object>
	<object>
		<name>carro</name>
		<pose>Unspecified</pose>
		<truncated>0</truncated>
		<difficult>0</difficult>
		<occluded>0</occluded>
		<bndbox>
			<xmin>230</xmin>
			<xmax>302</xmax>
			<ymin>363</ymin>
			<ymax>417</ymax>
		</bndbox>
	</object>
</annotation>
