<annotation>
	<folder></folder>
	<filename>image3_jpg.rf.765366c572d8129599da9ecd2c70f9a5.jpg</filename>
	<path>image3_jpg.rf.765366c572d8129599da9ecd2c70f9a5.jpg</path>
	<source>
		<database>roboflow.ai</database>
	</source>
	<size>
		<width>416</width>
		<height>416</height>
		<depth>3</depth>
	</size>
	<segmented>0</segmented>
	<object>
		<name>casa</name>
		<pose>Unspecified</pose>
		<truncated>0</truncated>
		<difficult>0</difficult>
		<occluded>0</occluded>
		<bndbox>
			<xmin>221</xmin>
			<xmax>231</xmax>
			<ymin>80</ymin>
			<ymax>102</ymax>
		</bndbox>
	</object>
	<object>
		<name>casa</name>
		<pose>Unspecified</pose>
		<truncated>0</truncated>
		<difficult>0</difficult>
		<occluded>0</occluded>
		<bndbox>
			<xmin>230</xmin>
			<xmax>261</xmax>
			<ymin>93</ymin>
			<ymax>115</ymax>
		</bndbox>
	</object>
	<object>
		<name>casa</name>
		<pose>Unspecified</pose>
		<truncated>0</truncated>
		<difficult>0</difficult>
		<occluded>0</occluded>
		<bndbox>
			<xmin>109</xmin>
			<xmax>185</xmax>
			<ymin>99</ymin>
			<ymax>127</ymax>
		</bndbox>
	</object>
	<object>
		<name>casa</name>
		<pose>Unspecified</pose>
		<truncated>0</truncated>
		<difficult>0</difficult>
		<occluded>0</occluded>
		<bndbox>
			<xmin>373</xmin>
			<xmax>400</xmax>
			<ymin>101</ymin>
			<ymax>139</ymax>
		</bndbox>
	</object>
	<object>
		<name>casa</name>
		<pose>Unspecified</pose>
		<truncated>0</truncated>
		<difficult>0</difficult>
		<occluded>0</occluded>
		<bndbox>
			<xmin>206</xmin>
			<xmax>250</xmax>
			<ymin>108</ymin>
			<ymax>148</ymax>
		</bndbox>
	</object>
	<object>
		<name>casa</name>
		<pose>Unspecified</pose>
		<truncated>0</truncated>
		<difficult>0</difficult>
		<occluded>0</occluded>
		<bndbox>
			<xmin>62</xmin>
			<xmax>171</xmax>
			<ymin>123</ymin>
			<ymax>155</ymax>
		</bndbox>
	</object>
	<object>
		<name>casa</name>
		<pose>Unspecified</pose>
		<truncated>0</truncated>
		<difficult>0</difficult>
		<occluded>0</occluded>
		<bndbox>
			<xmin>300</xmin>
			<xmax>322</xmax>
			<ymin>141</ymin>
			<ymax>166</ymax>
		</bndbox>
	</object>
	<object>
		<name>casa</name>
		<pose>Unspecified</pose>
		<truncated>0</truncated>
		<difficult>0</difficult>
		<occluded>0</occluded>
		<bndbox>
			<xmin>173</xmin>
			<xmax>201</xmax>
			<ymin>140</ymin>
			<ymax>177</ymax>
		</bndbox>
	</object>
	<object>
		<name>casa</name>
		<pose>Unspecified</pose>
		<truncated>0</truncated>
		<difficult>0</difficult>
		<occluded>0</occluded>
		<bndbox>
			<xmin>144</xmin>
			<xmax>168</xmax>
			<ymin>155</ymin>
			<ymax>178</ymax>
		</bndbox>
	</object>
</annotation>
