<annotation>
	<folder></folder>
	<filename>image25_jpg.rf.2e7e62496776fe927ff4d84b57729a5f.jpg</filename>
	<path>image25_jpg.rf.2e7e62496776fe927ff4d84b57729a5f.jpg</path>
	<source>
		<database>roboflow.ai</database>
	</source>
	<size>
		<width>416</width>
		<height>416</height>
		<depth>3</depth>
	</size>
	<segmented>0</segmented>
	<object>
		<name>casa</name>
		<pose>Unspecified</pose>
		<truncated>0</truncated>
		<difficult>0</difficult>
		<occluded>0</occluded>
		<bndbox>
			<xmin>246</xmin>
			<xmax>273</xmax>
			<ymin>85</ymin>
			<ymax>108</ymax>
		</bndbox>
	</object>
	<object>
		<name>casa</name>
		<pose>Unspecified</pose>
		<truncated>0</truncated>
		<difficult>0</difficult>
		<occluded>0</occluded>
		<bndbox>
			<xmin>119</xmin>
			<xmax>192</xmax>
			<ymin>96</ymin>
			<ymax>127</ymax>
		</bndbox>
	</object>
	<object>
		<name>casa</name>
		<pose>Unspecified</pose>
		<truncated>0</truncated>
		<difficult>0</difficult>
		<occluded>0</occluded>
		<bndbox>
			<xmin>201</xmin>
			<xmax>215</xmax>
			<ymin>103</ymin>
			<ymax>128</ymax>
		</bndbox>
	</object>
	<object>
		<name>casa</name>
		<pose>Unspecified</pose>
		<truncated>0</truncated>
		<difficult>0</difficult>
		<occluded>0</occluded>
		<bndbox>
			<xmin>225</xmin>
			<xmax>266</xmax>
			<ymin>105</ymin>
			<ymax>144</ymax>
		</bndbox>
	</object>
	<object>
		<name>casa</name>
		<pose>Unspecified</pose>
		<truncated>0</truncated>
		<difficult>0</difficult>
		<occluded>0</occluded>
		<bndbox>
			<xmin>65</xmin>
			<xmax>176</xmax>
			<ymin>126</ymin>
			<ymax>161</ymax>
		</bndbox>
	</object>
	<object>
		<name>casa</name>
		<pose>Unspecified</pose>
		<truncated>0</truncated>
		<difficult>0</difficult>
		<occluded>0</occluded>
		<bndbox>
			<xmin>270</xmin>
			<xmax>298</xmax>
			<ymin>141</ymin>
			<ymax>167</ymax>
		</bndbox>
	</object>
	<object>
		<name>casa</name>
		<pose>Unspecified</pose>
		<truncated>0</truncated>
		<difficult>0</difficult>
		<occluded>0</occluded>
		<bndbox>
			<xmin>328</xmin>
			<xmax>356</xmax>
			<ymin>144</ymin>
			<ymax>168</ymax>
		</bndbox>
	</object>
	<object>
		<name>casa</name>
		<pose>Unspecified</pose>
		<truncated>0</truncated>
		<difficult>0</difficult>
		<occluded>0</occluded>
		<bndbox>
			<xmin>182</xmin>
			<xmax>210</xmax>
			<ymin>143</ymin>
			<ymax>176</ymax>
		</bndbox>
	</object>
	<object>
		<name>casa</name>
		<pose>Unspecified</pose>
		<truncated>0</truncated>
		<difficult>0</difficult>
		<occluded>0</occluded>
		<bndbox>
			<xmin>153</xmin>
			<xmax>178</xmax>
			<ymin>153</ymin>
			<ymax>183</ymax>
		</bndbox>
	</object>
</annotation>
