<annotation>
	<folder></folder>
	<filename>image11_jpg.rf.a7a44089db08ec1ffdb58bcbb6be73ec.jpg</filename>
	<path>image11_jpg.rf.a7a44089db08ec1ffdb58bcbb6be73ec.jpg</path>
	<source>
		<database>roboflow.ai</database>
	</source>
	<size>
		<width>416</width>
		<height>416</height>
		<depth>3</depth>
	</size>
	<segmented>0</segmented>
	<object>
		<name>pasto</name>
		<pose>Unspecified</pose>
		<truncated>0</truncated>
		<difficult>0</difficult>
		<occluded>0</occluded>
		<bndbox>
			<xmin>2</xmin>
			<xmax>416</xmax>
			<ymin>97</ymin>
			<ymax>417</ymax>
		</bndbox>
	</object>
	<object>
		<name>estrada</name>
		<pose>Unspecified</pose>
		<truncated>0</truncated>
		<difficult>0</difficult>
		<occluded>0</occluded>
		<bndbox>
			<xmin>124</xmin>
			<xmax>414</xmax>
			<ymin>1</ymin>
			<ymax>93</ymax>
		</bndbox>
	</object>
</annotation>
