<annotation>
	<folder></folder>
	<filename>image12_jpg.rf.a2725f058cab820fab553fcdc757fb30.jpg</filename>
	<path>image12_jpg.rf.a2725f058cab820fab553fcdc757fb30.jpg</path>
	<source>
		<database>roboflow.ai</database>
	</source>
	<size>
		<width>416</width>
		<height>416</height>
		<depth>3</depth>
	</size>
	<segmented>0</segmented>
	<object>
		<name>pasto</name>
		<pose>Unspecified</pose>
		<truncated>0</truncated>
		<difficult>0</difficult>
		<occluded>0</occluded>
		<bndbox>
			<xmin>2</xmin>
			<xmax>416</xmax>
			<ymin>115</ymin>
			<ymax>417</ymax>
		</bndbox>
	</object>
	<object>
		<name>pasto</name>
		<pose>Unspecified</pose>
		<truncated>0</truncated>
		<difficult>0</difficult>
		<occluded>0</occluded>
		<bndbox>
			<xmin>2</xmin>
			<xmax>194</xmax>
			<ymin>35</ymin>
			<ymax>111</ymax>
		</bndbox>
	</object>
	<object>
		<name>pasto</name>
		<pose>Unspecified</pose>
		<truncated>0</truncated>
		<difficult>0</difficult>
		<occluded>0</occluded>
		<bndbox>
			<xmin>194</xmin>
			<xmax>271</xmax>
			<ymin>61</ymin>
			<ymax>115</ymax>
		</bndbox>
	</object>
</annotation>
