<annotation>
	<folder></folder>
	<filename>image7_jpg.rf.4b780b473b9cdb1ebf338e3dabce2c57.jpg</filename>
	<path>image7_jpg.rf.4b780b473b9cdb1ebf338e3dabce2c57.jpg</path>
	<source>
		<database>roboflow.ai</database>
	</source>
	<size>
		<width>416</width>
		<height>416</height>
		<depth>3</depth>
	</size>
	<segmented>0</segmented>
	<object>
		<name>carro</name>
		<pose>Unspecified</pose>
		<truncated>0</truncated>
		<difficult>0</difficult>
		<occluded>0</occluded>
		<bndbox>
			<xmin>223</xmin>
			<xmax>292</xmax>
			<ymin>217</ymin>
			<ymax>280</ymax>
		</bndbox>
	</object>
	<object>
		<name>estrada</name>
		<pose>Unspecified</pose>
		<truncated>0</truncated>
		<difficult>0</difficult>
		<occluded>0</occluded>
		<bndbox>
			<xmin>1</xmin>
			<xmax>414</xmax>
			<ymin>41</ymin>
			<ymax>312</ymax>
		</bndbox>
	</object>
</annotation>
