<annotation>
	<folder></folder>
	<filename>image49_jpg.rf.dbe4a6f25f5075820ac2df15cfa9e673.jpg</filename>
	<path>image49_jpg.rf.dbe4a6f25f5075820ac2df15cfa9e673.jpg</path>
	<source>
		<database>roboflow.ai</database>
	</source>
	<size>
		<width>416</width>
		<height>416</height>
		<depth>3</depth>
	</size>
	<segmented>0</segmented>
	<object>
		<name>soja</name>
		<pose>Unspecified</pose>
		<truncated>0</truncated>
		<difficult>0</difficult>
		<occluded>0</occluded>
		<bndbox>
			<xmin>2</xmin>
			<xmax>415</xmax>
			<ymin>1</ymin>
			<ymax>277</ymax>
		</bndbox>
	</object>
</annotation>
