<annotation>
	<folder></folder>
	<filename>image58_jpg.rf.127f1f981330673f26b1a8682bd06a00.jpg</filename>
	<path>image58_jpg.rf.127f1f981330673f26b1a8682bd06a00.jpg</path>
	<source>
		<database>roboflow.ai</database>
	</source>
	<size>
		<width>416</width>
		<height>416</height>
		<depth>3</depth>
	</size>
	<segmented>0</segmented>
	<object>
		<name>soja</name>
		<pose>Unspecified</pose>
		<truncated>0</truncated>
		<difficult>0</difficult>
		<occluded>0</occluded>
		<bndbox>
			<xmin>1</xmin>
			<xmax>415</xmax>
			<ymin>1</ymin>
			<ymax>390</ymax>
		</bndbox>
	</object>
</annotation>
