<annotation>
	<folder></folder>
	<filename>image25_jpg.rf.9b6209d78e7eebdbfe312fb50abd0d4d.jpg</filename>
	<path>image25_jpg.rf.9b6209d78e7eebdbfe312fb50abd0d4d.jpg</path>
	<source>
		<database>roboflow.ai</database>
	</source>
	<size>
		<width>416</width>
		<height>416</height>
		<depth>3</depth>
	</size>
	<segmented>0</segmented>
	<object>
		<name>estrada</name>
		<pose>Unspecified</pose>
		<truncated>0</truncated>
		<difficult>0</difficult>
		<occluded>0</occluded>
		<bndbox>
			<xmin>2</xmin>
			<xmax>410</xmax>
			<ymin>316</ymin>
			<ymax>416</ymax>
		</bndbox>
	</object>
</annotation>
