<annotation>
	<folder></folder>
	<filename>image90_jpg.rf.01407a5d99674c14993f67b0bfc6a66a.jpg</filename>
	<path>image90_jpg.rf.01407a5d99674c14993f67b0bfc6a66a.jpg</path>
	<source>
		<database>roboflow.ai</database>
	</source>
	<size>
		<width>416</width>
		<height>416</height>
		<depth>3</depth>
	</size>
	<segmented>0</segmented>
	<object>
		<name>soja</name>
		<pose>Unspecified</pose>
		<truncated>0</truncated>
		<difficult>0</difficult>
		<occluded>0</occluded>
		<bndbox>
			<xmin>3</xmin>
			<xmax>416</xmax>
			<ymin>5</ymin>
			<ymax>415</ymax>
		</bndbox>
	</object>
</annotation>
