<annotation>
	<folder></folder>
	<filename>image52_jpg.rf.db31746289728c377f2d2d90ed5d51c6.jpg</filename>
	<path>image52_jpg.rf.db31746289728c377f2d2d90ed5d51c6.jpg</path>
	<source>
		<database>roboflow.ai</database>
	</source>
	<size>
		<width>416</width>
		<height>416</height>
		<depth>3</depth>
	</size>
	<segmented>0</segmented>
	<object>
		<name>soja</name>
		<pose>Unspecified</pose>
		<truncated>0</truncated>
		<difficult>0</difficult>
		<occluded>0</occluded>
		<bndbox>
			<xmin>4</xmin>
			<xmax>416</xmax>
			<ymin>4</ymin>
			<ymax>338</ymax>
		</bndbox>
	</object>
</annotation>
