<annotation>
	<folder></folder>
	<filename>image60_jpg.rf.a8ee1636dd4285a14e69a91dae1eb4a9.jpg</filename>
	<path>image60_jpg.rf.a8ee1636dd4285a14e69a91dae1eb4a9.jpg</path>
	<source>
		<database>roboflow.ai</database>
	</source>
	<size>
		<width>416</width>
		<height>416</height>
		<depth>3</depth>
	</size>
	<segmented>0</segmented>
	<object>
		<name>soja</name>
		<pose>Unspecified</pose>
		<truncated>0</truncated>
		<difficult>0</difficult>
		<occluded>0</occluded>
		<bndbox>
			<xmin>5</xmin>
			<xmax>416</xmax>
			<ymin>5</ymin>
			<ymax>393</ymax>
		</bndbox>
	</object>
</annotation>
