<annotation>
	<folder></folder>
	<filename>image34_jpg.rf.080493b4b9e6b754d5fd8f9b3dc8068e.jpg</filename>
	<path>image34_jpg.rf.080493b4b9e6b754d5fd8f9b3dc8068e.jpg</path>
	<source>
		<database>roboflow.ai</database>
	</source>
	<size>
		<width>416</width>
		<height>416</height>
		<depth>3</depth>
	</size>
	<segmented>0</segmented>
	<object>
		<name>soja</name>
		<pose>Unspecified</pose>
		<truncated>0</truncated>
		<difficult>0</difficult>
		<occluded>0</occluded>
		<bndbox>
			<xmin>187</xmin>
			<xmax>416</xmax>
			<ymin>1</ymin>
			<ymax>68</ymax>
		</bndbox>
	</object>
</annotation>
