<annotation>
	<folder></folder>
	<filename>image24_jpg.rf.fc583b53f13f6b6f6b7f90f7bbc47b06.jpg</filename>
	<path>image24_jpg.rf.fc583b53f13f6b6f6b7f90f7bbc47b06.jpg</path>
	<source>
		<database>roboflow.ai</database>
	</source>
	<size>
		<width>416</width>
		<height>416</height>
		<depth>3</depth>
	</size>
	<segmented>0</segmented>
	<object>
		<name>estrada</name>
		<pose>Unspecified</pose>
		<truncated>0</truncated>
		<difficult>0</difficult>
		<occluded>0</occluded>
		<bndbox>
			<xmin>2</xmin>
			<xmax>412</xmax>
			<ymin>299</ymin>
			<ymax>416</ymax>
		</bndbox>
	</object>
</annotation>
