<annotation>
	<folder></folder>
	<filename>image18_jpg.rf.78562480bab0aea8142b66f005803b81.jpg</filename>
	<path>image18_jpg.rf.78562480bab0aea8142b66f005803b81.jpg</path>
	<source>
		<database>roboflow.ai</database>
	</source>
	<size>
		<width>416</width>
		<height>416</height>
		<depth>3</depth>
	</size>
	<segmented>0</segmented>
	<object>
		<name>estrada</name>
		<pose>Unspecified</pose>
		<truncated>0</truncated>
		<difficult>0</difficult>
		<occluded>0</occluded>
		<bndbox>
			<xmin>4</xmin>
			<xmax>417</xmax>
			<ymin>193</ymin>
			<ymax>417</ymax>
		</bndbox>
	</object>
	<object>
		<name>carro</name>
		<pose>Unspecified</pose>
		<truncated>0</truncated>
		<difficult>0</difficult>
		<occluded>0</occluded>
		<bndbox>
			<xmin>116</xmin>
			<xmax>188</xmax>
			<ymin>363</ymin>
			<ymax>417</ymax>
		</bndbox>
	</object>
</annotation>
