<annotation>
	<folder></folder>
	<filename>image2_jpg.rf.cf4e8368964251b8de797efdad21c9ac.jpg</filename>
	<path>image2_jpg.rf.cf4e8368964251b8de797efdad21c9ac.jpg</path>
	<source>
		<database>roboflow.ai</database>
	</source>
	<size>
		<width>416</width>
		<height>416</height>
		<depth>3</depth>
	</size>
	<segmented>0</segmented>
	<object>
		<name>carro</name>
		<pose>Unspecified</pose>
		<truncated>0</truncated>
		<difficult>0</difficult>
		<occluded>0</occluded>
		<bndbox>
			<xmin>122</xmin>
			<xmax>199</xmax>
			<ymin>216</ymin>
			<ymax>283</ymax>
		</bndbox>
	</object>
	<object>
		<name>estrada</name>
		<pose>Unspecified</pose>
		<truncated>0</truncated>
		<difficult>0</difficult>
		<occluded>0</occluded>
		<bndbox>
			<xmin>1</xmin>
			<xmax>417</xmax>
			<ymin>27</ymin>
			<ymax>309</ymax>
		</bndbox>
	</object>
</annotation>
