<annotation>
	<folder></folder>
	<filename>image28_jpg.rf.59810107de9a81d473fb4894747df46e.jpg</filename>
	<path>image28_jpg.rf.59810107de9a81d473fb4894747df46e.jpg</path>
	<source>
		<database>roboflow.ai</database>
	</source>
	<size>
		<width>416</width>
		<height>416</height>
		<depth>3</depth>
	</size>
	<segmented>0</segmented>
	<object>
		<name>estrada</name>
		<pose>Unspecified</pose>
		<truncated>0</truncated>
		<difficult>0</difficult>
		<occluded>0</occluded>
		<bndbox>
			<xmin>185</xmin>
			<xmax>416</xmax>
			<ymin>350</ymin>
			<ymax>417</ymax>
		</bndbox>
	</object>
</annotation>
