<annotation>
	<folder></folder>
	<filename>image41_jpg.rf.621968b023e0fcd8f013c236ffe268c8.jpg</filename>
	<path>image41_jpg.rf.621968b023e0fcd8f013c236ffe268c8.jpg</path>
	<source>
		<database>roboflow.ai</database>
	</source>
	<size>
		<width>416</width>
		<height>416</height>
		<depth>3</depth>
	</size>
	<segmented>0</segmented>
	<object>
		<name>soja</name>
		<pose>Unspecified</pose>
		<truncated>0</truncated>
		<difficult>0</difficult>
		<occluded>0</occluded>
		<bndbox>
			<xmin>4</xmin>
			<xmax>416</xmax>
			<ymin>1</ymin>
			<ymax>208</ymax>
		</bndbox>
	</object>
</annotation>
