<annotation>
	<folder></folder>
	<filename>image8_jpg.rf.c3e425f3c52e330934d8f6718e2fe218.jpg</filename>
	<path>image8_jpg.rf.c3e425f3c52e330934d8f6718e2fe218.jpg</path>
	<source>
		<database>roboflow.ai</database>
	</source>
	<size>
		<width>416</width>
		<height>416</height>
		<depth>3</depth>
	</size>
	<segmented>0</segmented>
	<object>
		<name>carro</name>
		<pose>Unspecified</pose>
		<truncated>0</truncated>
		<difficult>0</difficult>
		<occluded>0</occluded>
		<bndbox>
			<xmin>222</xmin>
			<xmax>297</xmax>
			<ymin>217</ymin>
			<ymax>281</ymax>
		</bndbox>
	</object>
	<object>
		<name>estrada</name>
		<pose>Unspecified</pose>
		<truncated>0</truncated>
		<difficult>0</difficult>
		<occluded>0</occluded>
		<bndbox>
			<xmin>2</xmin>
			<xmax>416</xmax>
			<ymin>35</ymin>
			<ymax>312</ymax>
		</bndbox>
	</object>
</annotation>
