<annotation>
	<folder></folder>
	<filename>image6_jpg.rf.4e9f3885eceb3c09baef9604f0dc6b2d.jpg</filename>
	<path>image6_jpg.rf.4e9f3885eceb3c09baef9604f0dc6b2d.jpg</path>
	<source>
		<database>roboflow.ai</database>
	</source>
	<size>
		<width>416</width>
		<height>416</height>
		<depth>3</depth>
	</size>
	<segmented>0</segmented>
	<object>
		<name>carro</name>
		<pose>Unspecified</pose>
		<truncated>0</truncated>
		<difficult>0</difficult>
		<occluded>0</occluded>
		<bndbox>
			<xmin>222</xmin>
			<xmax>294</xmax>
			<ymin>211</ymin>
			<ymax>286</ymax>
		</bndbox>
	</object>
	<object>
		<name>estrada</name>
		<pose>Unspecified</pose>
		<truncated>0</truncated>
		<difficult>0</difficult>
		<occluded>0</occluded>
		<bndbox>
			<xmin>2</xmin>
			<xmax>416</xmax>
			<ymin>62</ymin>
			<ymax>285</ymax>
		</bndbox>
	</object>
</annotation>
