<annotation>
	<folder></folder>
	<filename>image46_jpg.rf.1f6ae6852b8b5af40384616fa21c185a.jpg</filename>
	<path>image46_jpg.rf.1f6ae6852b8b5af40384616fa21c185a.jpg</path>
	<source>
		<database>roboflow.ai</database>
	</source>
	<size>
		<width>416</width>
		<height>416</height>
		<depth>3</depth>
	</size>
	<segmented>0</segmented>
	<object>
		<name>milharal</name>
		<pose>Unspecified</pose>
		<truncated>0</truncated>
		<difficult>0</difficult>
		<occluded>0</occluded>
		<bndbox>
			<xmin>8</xmin>
			<xmax>416</xmax>
			<ymin>6</ymin>
			<ymax>416</ymax>
		</bndbox>
	</object>
</annotation>
