<annotation>
	<folder></folder>
	<filename>image41_jpg.rf.e7ef87fd4d9e939b7cb927dad01c98a1.jpg</filename>
	<path>image41_jpg.rf.e7ef87fd4d9e939b7cb927dad01c98a1.jpg</path>
	<source>
		<database>roboflow.ai</database>
	</source>
	<size>
		<width>416</width>
		<height>416</height>
		<depth>3</depth>
	</size>
	<segmented>0</segmented>
	<object>
		<name>soja</name>
		<pose>Unspecified</pose>
		<truncated>0</truncated>
		<difficult>0</difficult>
		<occluded>0</occluded>
		<bndbox>
			<xmin>2</xmin>
			<xmax>414</xmax>
			<ymin>1</ymin>
			<ymax>208</ymax>
		</bndbox>
	</object>
</annotation>
