<annotation>
	<folder></folder>
	<filename>image14_jpg.rf.4332b97deacf9686e6d1e8be8e994c49.jpg</filename>
	<path>image14_jpg.rf.4332b97deacf9686e6d1e8be8e994c49.jpg</path>
	<source>
		<database>roboflow.ai</database>
	</source>
	<size>
		<width>416</width>
		<height>416</height>
		<depth>3</depth>
	</size>
	<segmented>0</segmented>
	<object>
		<name>estrada</name>
		<pose>Unspecified</pose>
		<truncated>0</truncated>
		<difficult>0</difficult>
		<occluded>0</occluded>
		<bndbox>
			<xmin>3</xmin>
			<xmax>416</xmax>
			<ymin>108</ymin>
			<ymax>349</ymax>
		</bndbox>
	</object>
	<object>
		<name>carro</name>
		<pose>Unspecified</pose>
		<truncated>0</truncated>
		<difficult>0</difficult>
		<occluded>0</occluded>
		<bndbox>
			<xmin>123</xmin>
			<xmax>193</xmax>
			<ymin>282</ymin>
			<ymax>343</ymax>
		</bndbox>
	</object>
</annotation>
