<annotation>
	<folder></folder>
	<filename>image91_jpg.rf.5fba8e4d6c5d627aed17dba99af10086.jpg</filename>
	<path>image91_jpg.rf.5fba8e4d6c5d627aed17dba99af10086.jpg</path>
	<source>
		<database>roboflow.ai</database>
	</source>
	<size>
		<width>416</width>
		<height>416</height>
		<depth>3</depth>
	</size>
	<segmented>0</segmented>
	<object>
		<name>soja</name>
		<pose>Unspecified</pose>
		<truncated>0</truncated>
		<difficult>0</difficult>
		<occluded>0</occluded>
		<bndbox>
			<xmin>1</xmin>
			<xmax>416</xmax>
			<ymin>1</ymin>
			<ymax>416</ymax>
		</bndbox>
	</object>
</annotation>
