<annotation>
	<folder></folder>
	<filename>image24_jpg.rf.f865dc7d9e35a6bb9f1f67687bde8416.jpg</filename>
	<path>image24_jpg.rf.f865dc7d9e35a6bb9f1f67687bde8416.jpg</path>
	<source>
		<database>roboflow.ai</database>
	</source>
	<size>
		<width>416</width>
		<height>416</height>
		<depth>3</depth>
	</size>
	<segmented>0</segmented>
	<object>
		<name>estrada</name>
		<pose>Unspecified</pose>
		<truncated>0</truncated>
		<difficult>0</difficult>
		<occluded>0</occluded>
		<bndbox>
			<xmin>6</xmin>
			<xmax>416</xmax>
			<ymin>299</ymin>
			<ymax>416</ymax>
		</bndbox>
	</object>
</annotation>
