<annotation>
	<folder></folder>
	<filename>image8_jpg.rf.371fa6febfedd7561e821b68dd677104.jpg</filename>
	<path>image8_jpg.rf.371fa6febfedd7561e821b68dd677104.jpg</path>
	<source>
		<database>roboflow.ai</database>
	</source>
	<size>
		<width>416</width>
		<height>416</height>
		<depth>3</depth>
	</size>
	<segmented>0</segmented>
	<object>
		<name>casa</name>
		<pose>Unspecified</pose>
		<truncated>0</truncated>
		<difficult>0</difficult>
		<occluded>0</occluded>
		<bndbox>
			<xmin>164</xmin>
			<xmax>199</xmax>
			<ymin>394</ymin>
			<ymax>417</ymax>
		</bndbox>
	</object>
	<object>
		<name>cafezal</name>
		<pose>Unspecified</pose>
		<truncated>0</truncated>
		<difficult>0</difficult>
		<occluded>0</occluded>
		<bndbox>
			<xmin>1</xmin>
			<xmax>416</xmax>
			<ymin>1</ymin>
			<ymax>181</ymax>
		</bndbox>
	</object>
</annotation>
