<annotation>
	<folder></folder>
	<filename>image57_jpg.rf.33147110d079ce0f8ea653d0771bd598.jpg</filename>
	<path>image57_jpg.rf.33147110d079ce0f8ea653d0771bd598.jpg</path>
	<source>
		<database>roboflow.ai</database>
	</source>
	<size>
		<width>416</width>
		<height>416</height>
		<depth>3</depth>
	</size>
	<segmented>0</segmented>
	<object>
		<name>soja</name>
		<pose>Unspecified</pose>
		<truncated>0</truncated>
		<difficult>0</difficult>
		<occluded>0</occluded>
		<bndbox>
			<xmin>1</xmin>
			<xmax>416</xmax>
			<ymin>1</ymin>
			<ymax>396</ymax>
		</bndbox>
	</object>
</annotation>
