<annotation>
	<folder></folder>
	<filename>part1_127_jpg.rf.e3c98d0ca7964cfc752dd70a6dcf4266.jpg</filename>
	<path>part1_127_jpg.rf.e3c98d0ca7964cfc752dd70a6dcf4266.jpg</path>
	<source>
		<database>roboflow.ai</database>
	</source>
	<size>
		<width>416</width>
		<height>416</height>
		<depth>3</depth>
	</size>
	<segmented>0</segmented>
	<object>
		<name>milharal</name>
		<pose>Unspecified</pose>
		<truncated>0</truncated>
		<difficult>0</difficult>
		<occluded>0</occluded>
		<bndbox>
			<xmin>74</xmin>
			<xmax>416</xmax>
			<ymin>1</ymin>
			<ymax>149</ymax>
		</bndbox>
	</object>
</annotation>
