<annotation>
	<folder></folder>
	<filename>part1_119_jpg.rf.3f37264bbab193f11e2c7bc66ca81a8e.jpg</filename>
	<path>part1_119_jpg.rf.3f37264bbab193f11e2c7bc66ca81a8e.jpg</path>
	<source>
		<database>roboflow.ai</database>
	</source>
	<size>
		<width>416</width>
		<height>416</height>
		<depth>3</depth>
	</size>
	<segmented>0</segmented>
	<object>
		<name>milharal</name>
		<pose>Unspecified</pose>
		<truncated>0</truncated>
		<difficult>0</difficult>
		<occluded>0</occluded>
		<bndbox>
			<xmin>80</xmin>
			<xmax>416</xmax>
			<ymin>92</ymin>
			<ymax>236</ymax>
		</bndbox>
	</object>
</annotation>
