<annotation>
	<folder></folder>
	<filename>part1_108_jpg.rf.95c46fe0eadaecf18f3486f7da812125.jpg</filename>
	<path>part1_108_jpg.rf.95c46fe0eadaecf18f3486f7da812125.jpg</path>
	<source>
		<database>roboflow.ai</database>
	</source>
	<size>
		<width>416</width>
		<height>416</height>
		<depth>3</depth>
	</size>
	<segmented>0</segmented>
	<object>
		<name>milharal</name>
		<pose>Unspecified</pose>
		<truncated>0</truncated>
		<difficult>0</difficult>
		<occluded>0</occluded>
		<bndbox>
			<xmin>82</xmin>
			<xmax>417</xmax>
			<ymin>74</ymin>
			<ymax>259</ymax>
		</bndbox>
	</object>
</annotation>
