<annotation>
	<folder></folder>
	<filename>part1_127_jpg.rf.2b0a18696b3f23639b05fb5fc22b52de.jpg</filename>
	<path>part1_127_jpg.rf.2b0a18696b3f23639b05fb5fc22b52de.jpg</path>
	<source>
		<database>roboflow.ai</database>
	</source>
	<size>
		<width>416</width>
		<height>416</height>
		<depth>3</depth>
	</size>
	<segmented>0</segmented>
	<object>
		<name>milharal</name>
		<pose>Unspecified</pose>
		<truncated>0</truncated>
		<difficult>0</difficult>
		<occluded>0</occluded>
		<bndbox>
			<xmin>1</xmin>
			<xmax>344</xmax>
			<ymin>1</ymin>
			<ymax>148</ymax>
		</bndbox>
	</object>
</annotation>
