<annotation>
	<folder></folder>
	<filename>part1_113_jpg.rf.4f6065a29a85fd13a248e285e52a5a6e.jpg</filename>
	<path>part1_113_jpg.rf.4f6065a29a85fd13a248e285e52a5a6e.jpg</path>
	<source>
		<database>roboflow.ai</database>
	</source>
	<size>
		<width>416</width>
		<height>416</height>
		<depth>3</depth>
	</size>
	<segmented>0</segmented>
	<object>
		<name>milharal</name>
		<pose>Unspecified</pose>
		<truncated>0</truncated>
		<difficult>0</difficult>
		<occluded>0</occluded>
		<bndbox>
			<xmin>1</xmin>
			<xmax>416</xmax>
			<ymin>100</ymin>
			<ymax>416</ymax>
		</bndbox>
	</object>
</annotation>
