<annotation>
	<folder></folder>
	<filename>part1_122_jpg.rf.d2b424725b06866c287f008350fc5797.jpg</filename>
	<path>part1_122_jpg.rf.d2b424725b06866c287f008350fc5797.jpg</path>
	<source>
		<database>roboflow.ai</database>
	</source>
	<size>
		<width>416</width>
		<height>416</height>
		<depth>3</depth>
	</size>
	<segmented>0</segmented>
	<object>
		<name>milharal</name>
		<pose>Unspecified</pose>
		<truncated>0</truncated>
		<difficult>0</difficult>
		<occluded>0</occluded>
		<bndbox>
			<xmin>80</xmin>
			<xmax>416</xmax>
			<ymin>65</ymin>
			<ymax>230</ymax>
		</bndbox>
	</object>
</annotation>
