<annotation>
	<folder></folder>
	<filename>part1_112_jpg.rf.02b5093acf2ff50eae1d4cfac32a9ab8.jpg</filename>
	<path>part1_112_jpg.rf.02b5093acf2ff50eae1d4cfac32a9ab8.jpg</path>
	<source>
		<database>roboflow.ai</database>
	</source>
	<size>
		<width>416</width>
		<height>416</height>
		<depth>3</depth>
	</size>
	<segmented>0</segmented>
	<object>
		<name>milharal</name>
		<pose>Unspecified</pose>
		<truncated>0</truncated>
		<difficult>0</difficult>
		<occluded>0</occluded>
		<bndbox>
			<xmin>87</xmin>
			<xmax>416</xmax>
			<ymin>107</ymin>
			<ymax>279</ymax>
		</bndbox>
	</object>
</annotation>
