<annotation>
	<folder></folder>
	<filename>part1_128_jpg.rf.18c8975b5e72ca7d8683671dbf115aeb.jpg</filename>
	<path>part1_128_jpg.rf.18c8975b5e72ca7d8683671dbf115aeb.jpg</path>
	<source>
		<database>roboflow.ai</database>
	</source>
	<size>
		<width>416</width>
		<height>416</height>
		<depth>3</depth>
	</size>
	<segmented>0</segmented>
	<object>
		<name>milharal</name>
		<pose>Unspecified</pose>
		<truncated>0</truncated>
		<difficult>0</difficult>
		<occluded>0</occluded>
		<bndbox>
			<xmin>1</xmin>
			<xmax>281</xmax>
			<ymin>1</ymin>
			<ymax>101</ymax>
		</bndbox>
	</object>
</annotation>
