<annotation>
	<folder></folder>
	<filename>part1_106_jpg.rf.3457bdad43438d3a5aadeefa62c79f07.jpg</filename>
	<path>part1_106_jpg.rf.3457bdad43438d3a5aadeefa62c79f07.jpg</path>
	<source>
		<database>roboflow.ai</database>
	</source>
	<size>
		<width>416</width>
		<height>416</height>
		<depth>3</depth>
	</size>
	<segmented>0</segmented>
	<object>
		<name>milharal</name>
		<pose>Unspecified</pose>
		<truncated>0</truncated>
		<difficult>0</difficult>
		<occluded>0</occluded>
		<bndbox>
			<xmin>1</xmin>
			<xmax>334</xmax>
			<ymin>55</ymin>
			<ymax>225</ymax>
		</bndbox>
	</object>
</annotation>
