<annotation>
	<folder></folder>
	<filename>part1_126_jpg.rf.46d76fc03896f59f4767732d465bc5df.jpg</filename>
	<path>part1_126_jpg.rf.46d76fc03896f59f4767732d465bc5df.jpg</path>
	<source>
		<database>roboflow.ai</database>
	</source>
	<size>
		<width>416</width>
		<height>416</height>
		<depth>3</depth>
	</size>
	<segmented>0</segmented>
	<object>
		<name>milharal</name>
		<pose>Unspecified</pose>
		<truncated>0</truncated>
		<difficult>0</difficult>
		<occluded>0</occluded>
		<bndbox>
			<xmin>1</xmin>
			<xmax>340</xmax>
			<ymin>31</ymin>
			<ymax>207</ymax>
		</bndbox>
	</object>
</annotation>
