<annotation>
	<folder></folder>
	<filename>part1_125_jpg.rf.48751c632e98853199f52af93dfd44c0.jpg</filename>
	<path>part1_125_jpg.rf.48751c632e98853199f52af93dfd44c0.jpg</path>
	<source>
		<database>roboflow.ai</database>
	</source>
	<size>
		<width>416</width>
		<height>416</height>
		<depth>3</depth>
	</size>
	<segmented>0</segmented>
	<object>
		<name>milharal</name>
		<pose>Unspecified</pose>
		<truncated>0</truncated>
		<difficult>0</difficult>
		<occluded>0</occluded>
		<bndbox>
			<xmin>1</xmin>
			<xmax>340</xmax>
			<ymin>58</ymin>
			<ymax>239</ymax>
		</bndbox>
	</object>
</annotation>
