<annotation>
	<folder></folder>
	<filename>part1_100_jpg.rf.469ab8293df17c1da1b35caa81f5c79f.jpg</filename>
	<path>part1_100_jpg.rf.469ab8293df17c1da1b35caa81f5c79f.jpg</path>
	<source>
		<database>roboflow.ai</database>
	</source>
	<size>
		<width>416</width>
		<height>416</height>
		<depth>3</depth>
	</size>
	<segmented>0</segmented>
	<object>
		<name>milharal</name>
		<pose>Unspecified</pose>
		<truncated>0</truncated>
		<difficult>0</difficult>
		<occluded>0</occluded>
		<bndbox>
			<xmin>2</xmin>
			<xmax>342</xmax>
			<ymin>1</ymin>
			<ymax>155</ymax>
		</bndbox>
	</object>
</annotation>
