<annotation>
	<folder></folder>
	<filename>part1_116_jpg.rf.7ef6b3978b463983fb85bcb1e0d63555.jpg</filename>
	<path>part1_116_jpg.rf.7ef6b3978b463983fb85bcb1e0d63555.jpg</path>
	<source>
		<database>roboflow.ai</database>
	</source>
	<size>
		<width>416</width>
		<height>416</height>
		<depth>3</depth>
	</size>
	<segmented>0</segmented>
	<object>
		<name>milharal</name>
		<pose>Unspecified</pose>
		<truncated>0</truncated>
		<difficult>0</difficult>
		<occluded>0</occluded>
		<bndbox>
			<xmin>1</xmin>
			<xmax>338</xmax>
			<ymin>165</ymin>
			<ymax>320</ymax>
		</bndbox>
	</object>
</annotation>
