<annotation>
	<folder></folder>
	<filename>part1_106_jpg.rf.063331a9eca9b333ff4ac8b7493531a4.jpg</filename>
	<path>part1_106_jpg.rf.063331a9eca9b333ff4ac8b7493531a4.jpg</path>
	<source>
		<database>roboflow.ai</database>
	</source>
	<size>
		<width>416</width>
		<height>416</height>
		<depth>3</depth>
	</size>
	<segmented>0</segmented>
	<object>
		<name>milharal</name>
		<pose>Unspecified</pose>
		<truncated>0</truncated>
		<difficult>0</difficult>
		<occluded>0</occluded>
		<bndbox>
			<xmin>84</xmin>
			<xmax>416</xmax>
			<ymin>54</ymin>
			<ymax>225</ymax>
		</bndbox>
	</object>
</annotation>
