<annotation>
	<folder></folder>
	<filename>part1_118_jpg.rf.52c18dd5760e71a610856f3dd6d12379.jpg</filename>
	<path>part1_118_jpg.rf.52c18dd5760e71a610856f3dd6d12379.jpg</path>
	<source>
		<database>roboflow.ai</database>
	</source>
	<size>
		<width>416</width>
		<height>416</height>
		<depth>3</depth>
	</size>
	<segmented>0</segmented>
	<object>
		<name>milharal</name>
		<pose>Unspecified</pose>
		<truncated>0</truncated>
		<difficult>0</difficult>
		<occluded>0</occluded>
		<bndbox>
			<xmin>82</xmin>
			<xmax>416</xmax>
			<ymin>139</ymin>
			<ymax>302</ymax>
		</bndbox>
	</object>
</annotation>
