<annotation>
	<folder></folder>
	<filename>part1_10_jpg.rf.c10337dd93fe08537d564a5aa4a713fe.jpg</filename>
	<path>part1_10_jpg.rf.c10337dd93fe08537d564a5aa4a713fe.jpg</path>
	<source>
		<database>roboflow.ai</database>
	</source>
	<size>
		<width>416</width>
		<height>416</height>
		<depth>3</depth>
	</size>
	<segmented>0</segmented>
	<object>
		<name>milharal</name>
		<pose>Unspecified</pose>
		<truncated>0</truncated>
		<difficult>0</difficult>
		<occluded>0</occluded>
		<bndbox>
			<xmin>2</xmin>
			<xmax>416</xmax>
			<ymin>192</ymin>
			<ymax>417</ymax>
		</bndbox>
	</object>
</annotation>
