<annotation>
	<folder></folder>
	<filename>part1_131_jpg.rf.fd4d8018cefc3ffbdbefb013151746ef.jpg</filename>
	<path>part1_131_jpg.rf.fd4d8018cefc3ffbdbefb013151746ef.jpg</path>
	<source>
		<database>roboflow.ai</database>
	</source>
	<size>
		<width>416</width>
		<height>416</height>
		<depth>3</depth>
	</size>
	<segmented>0</segmented>
	<object>
		<name>milharal</name>
		<pose>Unspecified</pose>
		<truncated>0</truncated>
		<difficult>0</difficult>
		<occluded>0</occluded>
		<bndbox>
			<xmin>142</xmin>
			<xmax>416</xmax>
			<ymin>1</ymin>
			<ymax>75</ymax>
		</bndbox>
	</object>
</annotation>
