<annotation>
	<folder></folder>
	<filename>part1_105_jpg.rf.984386df01a9cf5f41363a174e9cd43f.jpg</filename>
	<path>part1_105_jpg.rf.984386df01a9cf5f41363a174e9cd43f.jpg</path>
	<source>
		<database>roboflow.ai</database>
	</source>
	<size>
		<width>416</width>
		<height>416</height>
		<depth>3</depth>
	</size>
	<segmented>0</segmented>
	<object>
		<name>milharal</name>
		<pose>Unspecified</pose>
		<truncated>0</truncated>
		<difficult>0</difficult>
		<occluded>0</occluded>
		<bndbox>
			<xmin>1</xmin>
			<xmax>336</xmax>
			<ymin>7</ymin>
			<ymax>172</ymax>
		</bndbox>
	</object>
</annotation>
