<annotation>
	<folder></folder>
	<filename>part1_10_jpg.rf.7f549da690dcac5fcaf0568c93007de9.jpg</filename>
	<path>part1_10_jpg.rf.7f549da690dcac5fcaf0568c93007de9.jpg</path>
	<source>
		<database>roboflow.ai</database>
	</source>
	<size>
		<width>416</width>
		<height>416</height>
		<depth>3</depth>
	</size>
	<segmented>0</segmented>
	<object>
		<name>milharal</name>
		<pose>Unspecified</pose>
		<truncated>0</truncated>
		<difficult>0</difficult>
		<occluded>0</occluded>
		<bndbox>
			<xmin>82</xmin>
			<xmax>417</xmax>
			<ymin>131</ymin>
			<ymax>260</ymax>
		</bndbox>
	</object>
</annotation>
