<annotation>
	<folder></folder>
	<filename>part1_112_jpg.rf.d0fae5ffb2f09bf4c2ee90403d8dcb24.jpg</filename>
	<path>part1_112_jpg.rf.d0fae5ffb2f09bf4c2ee90403d8dcb24.jpg</path>
	<source>
		<database>roboflow.ai</database>
	</source>
	<size>
		<width>416</width>
		<height>416</height>
		<depth>3</depth>
	</size>
	<segmented>0</segmented>
	<object>
		<name>milharal</name>
		<pose>Unspecified</pose>
		<truncated>0</truncated>
		<difficult>0</difficult>
		<occluded>0</occluded>
		<bndbox>
			<xmin>1</xmin>
			<xmax>331</xmax>
			<ymin>108</ymin>
			<ymax>278</ymax>
		</bndbox>
	</object>
</annotation>
