<annotation>
	<folder></folder>
	<filename>part1_105_jpg.rf.832d97a445c1933a95ebc117a68c0b2d.jpg</filename>
	<path>part1_105_jpg.rf.832d97a445c1933a95ebc117a68c0b2d.jpg</path>
	<source>
		<database>roboflow.ai</database>
	</source>
	<size>
		<width>416</width>
		<height>416</height>
		<depth>3</depth>
	</size>
	<segmented>0</segmented>
	<object>
		<name>milharal</name>
		<pose>Unspecified</pose>
		<truncated>0</truncated>
		<difficult>0</difficult>
		<occluded>0</occluded>
		<bndbox>
			<xmin>82</xmin>
			<xmax>417</xmax>
			<ymin>7</ymin>
			<ymax>172</ymax>
		</bndbox>
	</object>
</annotation>
