<annotation>
	<folder></folder>
	<filename>part1_11_jpg.rf.d56976a6a2c64c92b185d4d2ed10e8e7.jpg</filename>
	<path>part1_11_jpg.rf.d56976a6a2c64c92b185d4d2ed10e8e7.jpg</path>
	<source>
		<database>roboflow.ai</database>
	</source>
	<size>
		<width>416</width>
		<height>416</height>
		<depth>3</depth>
	</size>
	<segmented>0</segmented>
	<object>
		<name>milharal</name>
		<pose>Unspecified</pose>
		<truncated>0</truncated>
		<difficult>0</difficult>
		<occluded>0</occluded>
		<bndbox>
			<xmin>1</xmin>
			<xmax>330</xmax>
			<ymin>124</ymin>
			<ymax>261</ymax>
		</bndbox>
	</object>
</annotation>
