<annotation>
	<folder></folder>
	<filename>part1_125_jpg.rf.97c592971c1808767d1324025dfb5c0b.jpg</filename>
	<path>part1_125_jpg.rf.97c592971c1808767d1324025dfb5c0b.jpg</path>
	<source>
		<database>roboflow.ai</database>
	</source>
	<size>
		<width>416</width>
		<height>416</height>
		<depth>3</depth>
	</size>
	<segmented>0</segmented>
	<object>
		<name>milharal</name>
		<pose>Unspecified</pose>
		<truncated>0</truncated>
		<difficult>0</difficult>
		<occluded>0</occluded>
		<bndbox>
			<xmin>78</xmin>
			<xmax>416</xmax>
			<ymin>57</ymin>
			<ymax>239</ymax>
		</bndbox>
	</object>
</annotation>
