<annotation>
	<folder></folder>
	<filename>part1_131_jpg.rf.c3174d8e6c13458786a34c034f01506f.jpg</filename>
	<path>part1_131_jpg.rf.c3174d8e6c13458786a34c034f01506f.jpg</path>
	<source>
		<database>roboflow.ai</database>
	</source>
	<size>
		<width>416</width>
		<height>416</height>
		<depth>3</depth>
	</size>
	<segmented>0</segmented>
	<object>
		<name>milharal</name>
		<pose>Unspecified</pose>
		<truncated>0</truncated>
		<difficult>0</difficult>
		<occluded>0</occluded>
		<bndbox>
			<xmin>1</xmin>
			<xmax>417</xmax>
			<ymin>73</ymin>
			<ymax>417</ymax>
		</bndbox>
	</object>
</annotation>
