<annotation>
	<folder></folder>
	<filename>part1_104_jpg.rf.e25a40039e2013bc4751e1fed0277d5c.jpg</filename>
	<path>part1_104_jpg.rf.e25a40039e2013bc4751e1fed0277d5c.jpg</path>
	<source>
		<database>roboflow.ai</database>
	</source>
	<size>
		<width>416</width>
		<height>416</height>
		<depth>3</depth>
	</size>
	<segmented>0</segmented>
	<object>
		<name>milharal</name>
		<pose>Unspecified</pose>
		<truncated>0</truncated>
		<difficult>0</difficult>
		<occluded>0</occluded>
		<bndbox>
			<xmin>1</xmin>
			<xmax>416</xmax>
			<ymin>82</ymin>
			<ymax>416</ymax>
		</bndbox>
	</object>
</annotation>
