<annotation>
	<folder></folder>
	<filename>part1_108_jpg.rf.8657296d6d7f853957fea7d79e161936.jpg</filename>
	<path>part1_108_jpg.rf.8657296d6d7f853957fea7d79e161936.jpg</path>
	<source>
		<database>roboflow.ai</database>
	</source>
	<size>
		<width>416</width>
		<height>416</height>
		<depth>3</depth>
	</size>
	<segmented>0</segmented>
	<object>
		<name>milharal</name>
		<pose>Unspecified</pose>
		<truncated>0</truncated>
		<difficult>0</difficult>
		<occluded>0</occluded>
		<bndbox>
			<xmin>1</xmin>
			<xmax>336</xmax>
			<ymin>74</ymin>
			<ymax>259</ymax>
		</bndbox>
	</object>
</annotation>
