<annotation>
	<folder></folder>
	<filename>part1_101_jpg.rf.878f0d1b0c911903e949d751f017894e.jpg</filename>
	<path>part1_101_jpg.rf.878f0d1b0c911903e949d751f017894e.jpg</path>
	<source>
		<database>roboflow.ai</database>
	</source>
	<size>
		<width>416</width>
		<height>416</height>
		<depth>3</depth>
	</size>
	<segmented>0</segmented>
	<object>
		<name>milharal</name>
		<pose>Unspecified</pose>
		<truncated>0</truncated>
		<difficult>0</difficult>
		<occluded>0</occluded>
		<bndbox>
			<xmin>1</xmin>
			<xmax>417</xmax>
			<ymin>76</ymin>
			<ymax>417</ymax>
		</bndbox>
	</object>
</annotation>
