<annotation>
	<folder></folder>
	<filename>part1_111_jpg.rf.bfe50322f47cb007caf7f7dddc68ca37.jpg</filename>
	<path>part1_111_jpg.rf.bfe50322f47cb007caf7f7dddc68ca37.jpg</path>
	<source>
		<database>roboflow.ai</database>
	</source>
	<size>
		<width>416</width>
		<height>416</height>
		<depth>3</depth>
	</size>
	<segmented>0</segmented>
	<object>
		<name>milharal</name>
		<pose>Unspecified</pose>
		<truncated>0</truncated>
		<difficult>0</difficult>
		<occluded>0</occluded>
		<bndbox>
			<xmin>1</xmin>
			<xmax>349</xmax>
			<ymin>77</ymin>
			<ymax>271</ymax>
		</bndbox>
	</object>
</annotation>
