<annotation>
	<folder></folder>
	<filename>part1_107_jpg.rf.520bd74aa22474b0db964db0f7b5a44c.jpg</filename>
	<path>part1_107_jpg.rf.520bd74aa22474b0db964db0f7b5a44c.jpg</path>
	<source>
		<database>roboflow.ai</database>
	</source>
	<size>
		<width>416</width>
		<height>416</height>
		<depth>3</depth>
	</size>
	<segmented>0</segmented>
	<object>
		<name>milharal</name>
		<pose>Unspecified</pose>
		<truncated>0</truncated>
		<difficult>0</difficult>
		<occluded>0</occluded>
		<bndbox>
			<xmin>84</xmin>
			<xmax>416</xmax>
			<ymin>75</ymin>
			<ymax>236</ymax>
		</bndbox>
	</object>
</annotation>
