<annotation>
	<folder></folder>
	<filename>part1_115_jpg.rf.43f708b830ede3e32c2675ae24103972.jpg</filename>
	<path>part1_115_jpg.rf.43f708b830ede3e32c2675ae24103972.jpg</path>
	<source>
		<database>roboflow.ai</database>
	</source>
	<size>
		<width>416</width>
		<height>416</height>
		<depth>3</depth>
	</size>
	<segmented>0</segmented>
	<object>
		<name>milharal</name>
		<pose>Unspecified</pose>
		<truncated>0</truncated>
		<difficult>0</difficult>
		<occluded>0</occluded>
		<bndbox>
			<xmin>1</xmin>
			<xmax>342</xmax>
			<ymin>166</ymin>
			<ymax>340</ymax>
		</bndbox>
	</object>
</annotation>
