<annotation>
	<folder></folder>
	<filename>part1_129_jpg.rf.09e2c3186522ca1b4a82f4bf9202e865.jpg</filename>
	<path>part1_129_jpg.rf.09e2c3186522ca1b4a82f4bf9202e865.jpg</path>
	<source>
		<database>roboflow.ai</database>
	</source>
	<size>
		<width>416</width>
		<height>416</height>
		<depth>3</depth>
	</size>
	<segmented>0</segmented>
	<object>
		<name>milharal</name>
		<pose>Unspecified</pose>
		<truncated>0</truncated>
		<difficult>0</difficult>
		<occluded>0</occluded>
		<bndbox>
			<xmin>138</xmin>
			<xmax>417</xmax>
			<ymin>1</ymin>
			<ymax>97</ymax>
		</bndbox>
	</object>
</annotation>
