<annotation>
	<folder></folder>
	<filename>part1_123_jpg.rf.467b0e54bd63d264b77bae777a9e0cc4.jpg</filename>
	<path>part1_123_jpg.rf.467b0e54bd63d264b77bae777a9e0cc4.jpg</path>
	<source>
		<database>roboflow.ai</database>
	</source>
	<size>
		<width>416</width>
		<height>416</height>
		<depth>3</depth>
	</size>
	<segmented>0</segmented>
	<object>
		<name>milharal</name>
		<pose>Unspecified</pose>
		<truncated>0</truncated>
		<difficult>0</difficult>
		<occluded>0</occluded>
		<bndbox>
			<xmin>1</xmin>
			<xmax>337</xmax>
			<ymin>71</ymin>
			<ymax>228</ymax>
		</bndbox>
	</object>
</annotation>
