<annotation>
	<folder></folder>
	<filename>part1_128_jpg.rf.33cba8140ad141895b2a75d921f3246d.jpg</filename>
	<path>part1_128_jpg.rf.33cba8140ad141895b2a75d921f3246d.jpg</path>
	<source>
		<database>roboflow.ai</database>
	</source>
	<size>
		<width>416</width>
		<height>416</height>
		<depth>3</depth>
	</size>
	<segmented>0</segmented>
	<object>
		<name>milharal</name>
		<pose>Unspecified</pose>
		<truncated>0</truncated>
		<difficult>0</difficult>
		<occluded>0</occluded>
		<bndbox>
			<xmin>137</xmin>
			<xmax>417</xmax>
			<ymin>1</ymin>
			<ymax>101</ymax>
		</bndbox>
	</object>
</annotation>
